-- phpMyAdmin SQL Dump
-- version 5.2.1
-- https://www.phpmyadmin.net/
--
-- Servidor: 127.0.0.1
-- Tiempo de generación: 21-05-2024 a las 23:50:53
-- Versión del servidor: 10.4.32-MariaDB
-- Versión de PHP: 8.2.12

SET SQL_MODE = "NO_AUTO_VALUE_ON_ZERO";
START TRANSACTION;
SET time_zone = "+00:00";


/*!40101 SET @OLD_CHARACTER_SET_CLIENT=@@CHARACTER_SET_CLIENT */;
/*!40101 SET @OLD_CHARACTER_SET_RESULTS=@@CHARACTER_SET_RESULTS */;
/*!40101 SET @OLD_COLLATION_CONNECTION=@@COLLATION_CONNECTION */;
/*!40101 SET NAMES utf8mb4 */;

--
-- Base de datos: `lab`
--
CREATE DATABASE IF NOT EXISTS `lab` DEFAULT CHARACTER SET utf8mb4 COLLATE utf8mb4_general_ci;
USE `lab`;

-- --------------------------------------------------------

--
-- Estructura de tabla para la tabla `cat_lugares`
--

CREATE TABLE `cat_lugares` (
  `id` bigint(20) UNSIGNED NOT NULL,
  `nombre` varchar(255) NOT NULL
) ENGINE=InnoDB DEFAULT CHARSET=utf8mb4 COLLATE=utf8mb4_general_ci;

-- --------------------------------------------------------

--
-- Estructura de tabla para la tabla `doctores`
--

CREATE TABLE `doctores` (
  `id` int(11) NOT NULL,
  `nombre` varchar(200) NOT NULL,
  `direccion` varchar(255) NOT NULL,
  `telefono` varchar(255) DEFAULT NULL,
  `correo` varchar(255) DEFAULT NULL,
  `encargado` varchar(255) NOT NULL,
  `telEncargado` varchar(255) DEFAULT NULL,
  `foraneo` float DEFAULT NULL
) ENGINE=InnoDB DEFAULT CHARSET=utf8mb4 COLLATE=utf8mb4_general_ci;

--
-- Volcado de datos para la tabla `doctores`
--

INSERT INTO `doctores` (`id`, `nombre`, `direccion`, `telefono`, `correo`, `encargado`, `telEncargado`, `foraneo`) VALUES
(2, 'Primera Doctor', 'Alias deleniti aliqu', 'Laborum Placeat au', 'Rem minim in consequ', 'Fuga Beatae amet e', 'Quia amet totam rer', 40);

-- --------------------------------------------------------

--
-- Estructura de tabla para la tabla `examenes`
--

CREATE TABLE `examenes` (
  `id` bigint(20) UNSIGNED NOT NULL,
  `nombre` varchar(255) NOT NULL,
  `abreviacion` varchar(255) NOT NULL,
  `costo` float(10,2) DEFAULT NULL,
  `maquila` float(10,2) DEFAULT NULL,
  `leyenda` text DEFAULT NULL,
  `metodologia` varchar(255) DEFAULT NULL,
  `muestra` varchar(255) DEFAULT NULL
) ENGINE=InnoDB DEFAULT CHARSET=latin1 COLLATE=latin1_swedish_ci;

--
-- Volcado de datos para la tabla `examenes`
--

INSERT INTO `examenes` (`id`, `nombre`, `abreviacion`, `costo`, `maquila`, `leyenda`, `metodologia`, `muestra`) VALUES
(8, 'COPROCULTIVO', 'COPROCULTIVO', 400.00, NULL, NULL, NULL, 'HECES FECALES'),
(9, 'AC. ANTI HELICOBACTER PYLORI IgG', 'HELICOBACTER PILORY IgG', 347.00, NULL, NULL, NULL, 'SUERO'),
(10, 'ANTIGENO CA 15.3', 'ANTIGENO CA 15.3', 368.00, NULL, NULL, NULL, 'SUERO'),
(11, 'ANTIGENO CA 19.9', 'ANTIGENO CA 19.9', 368.00, NULL, NULL, NULL, 'SUERO'),
(12, 'ANTIGENO CA 125', 'ANTIGENO CA 125', 368.00, NULL, NULL, NULL, 'SUERO'),
(13, 'ALFAFETOPROTEINAS', 'ALFAFETOPROTEINAS', 326.00, NULL, NULL, NULL, 'SUERO'),
(14, 'ANTIGENO CARCINOEMBRIONARIO', 'CEA', 350.00, NULL, NULL, NULL, 'SUERO'),
(15, 'ANTICUERPOS ANTI - TIROIDEOS', 'ANTICUERPOS ANTI - TIROIDEOS', 718.00, NULL, NULL, NULL, 'SUERO'),
(16, 'ANTICUERPOS ANTI - MITOCONDRIALES', 'ANTICUERPOS ANTI - MITOCONDRIALES', 50.00, NULL, NULL, NULL, 'SUERO'),
(17, 'AC ANTI HERPES I Y II IgM', 'AC ANTI HERPES I Y II IgM', 520.00, NULL, NULL, NULL, 'SUERO'),
(18, 'PEPTIDO NATRIURETICO NT.Pro', 'BNP', 540.00, NULL, NULL, NULL, 'SANGRE TOTAL DTEA'),
(19, 'PEPTIDO C', 'PEPTIDO C', 350.00, NULL, NULL, NULL, 'SUERO'),
(20, 'AC ANTI PEPTIDO CICLICO CUTRULINADO IgG', 'IgG ANTI - CCP', 668.00, NULL, NULL, NULL, 'SUERO'),
(21, 'ANTIGENO HELICOBACTER PYLORI', 'ANTIGENO HELICOBACTER PYLORI', 1081.00, NULL, NULL, NULL, 'HECES FECALES'),
(22, 'ACS ANTI TREPONEMA PALLIDUM', 'ACS ANTI TREPONEMA PALLIDUM', 862.00, NULL, NULL, NULL, 'SUERO'),
(23, 'ANTICUERPOS ANTI - TIROIDEOS', 'ANTICUERPOS ANTI - TIROIDEOS', 718.00, NULL, NULL, NULL, 'SUERO'),
(24, 'AMILASA', 'AMILASA', 160.00, NULL, NULL, NULL, 'SUERO'),
(25, 'LIPASA', 'LIPASA', 190.00, NULL, NULL, NULL, 'SUERO'),
(26, 'ACIDO URICO', 'ACIDO URICO', 65.00, NULL, NULL, NULL, 'SUERO'),
(27, 'ANTICUERPOS ANTI TEPONEMA PALLIDUM', 'ANTICUERPOS ANTI TEPONEMA PALLIDUM', 100.00, NULL, NULL, NULL, 'SUERO'),
(28, 'PRUEBA DE EMBARAZO', 'BETA', 125.00, NULL, NULL, NULL, 'SUERO'),
(29, 'VDRL', 'VDRL', 175.00, NULL, NULL, NULL, 'SUERO'),
(30, 'ANTICUERPOS  ANTI HIV 1 Y 2', 'HIV', 170.00, NULL, NULL, NULL, 'SUERO'),
(31, 'ANTIGENO DE HIV AG 24', 'ANTIGENO DE HIV AG 24', 626.00, NULL, NULL, NULL, 'SUERO'),
(32, 'FERRITINA', 'FERRITINA', 326.00, NULL, NULL, NULL, 'SUERO'),
(33, 'ANTIGENO SARS COV2', 'COVID', 350.00, NULL, NULL, NULL, 'NASAL'),
(34, 'COPROPARASITOSCOPICO', 'COPROPARACITOSCOPICO', 100.00, NULL, NULL, NULL, 'HECES FECALES'),
(35, 'SANGRE OCULTA EN HECES', 'SANGRE OCULTA', 100.00, NULL, NULL, NULL, 'HECES FECALES'),
(36, 'ROTAVIRUS', 'ROTAVIRUS', 356.00, NULL, NULL, NULL, 'HECES FECALES'),
(37, 'ANTIGENO PROSTATICO', 'PSA', 305.00, NULL, NULL, NULL, 'SUERO'),
(38, 'ANTICUERPOS ANTI- HEPATITIS C', 'HEPATITIS C', 300.00, NULL, NULL, NULL, 'SUERO'),
(39, 'ANTICUERPOS ANTI - HEPATITIS C', 'HEPATITIS C', 300.00, NULL, NULL, NULL, 'SUERO'),
(40, 'ANTIGENO DE SUPERFICIE DE LA HEPATITIS B', 'HEPATITIS B', 300.00, NULL, NULL, NULL, '300'),
(41, 'GLUCOSA', 'GLUCOSA', 65.00, NULL, NULL, NULL, 'SUERO'),
(42, 'ROSA DE BENGALA (AC.ANTI-BRUCELLA)', 'ROSA DE BENGALA (AC.ANTI-BRUCELLA)', 190.00, NULL, NULL, NULL, 'SUERO'),
(43, 'TIEMPO DE TROMBINA', 'TIEMPO DE TROMBINA', 165.00, NULL, NULL, NULL, 'PLASMA CITRADO'),
(44, 'FIBRINOGENO', 'FIBRINOGENO', 168.00, NULL, NULL, NULL, 'PLASMA CITRADO'),
(45, 'INSULINA', 'INSULINA', 336.00, NULL, NULL, NULL, 'SUERO'),
(46, 'PERFIL HEPATICO I', 'P HEP I', 350.00, NULL, NULL, NULL, 'SUERO'),
(47, 'PERFIL HEPATICO II', 'P HEP II', 590.00, NULL, NULL, NULL, 'SUERO'),
(48, 'COOMBS INDIRECTO', 'COOMBS I', 230.00, NULL, NULL, NULL, 'SUERO'),
(49, 'BILIRRUBINAS', 'BILLIRRU', 130.00, NULL, NULL, NULL, 'SUERO'),
(50, 'TRANSAMINASAS', 'TRANSAMI', 190.00, NULL, NULL, NULL, 'SUERO'),
(51, 'PERFIL REUMATICO', 'P REUMA', 550.00, NULL, NULL, NULL, 'SUERO/SANGRE TOTAL EDTA'),
(52, 'ANTIESTREPTOLISINAS', 'ASO', 160.00, NULL, NULL, NULL, 'SUERO'),
(53, 'VELOCIDAD DE SEDIMENTACION GLOBULAR', 'VSG', 80.00, NULL, NULL, NULL, 'SANGRE TOTAL'),
(54, 'PROTEINA C REACTIVA', 'PCR', 150.00, NULL, NULL, 'LÁTEX', 'SUERO'),
(55, 'FACTOR REUMATOIDE', 'FR', 130.00, NULL, NULL, 'LÁTEX', 'SUERO'),
(56, 'PROCALCITONINA', 'PCT', 935.00, NULL, NULL, NULL, 'SUERO'),
(57, 'PEPTIDO NATRIURETICO NT-PRO (BNP)', 'BNP', 540.00, NULL, NULL, NULL, 'SANGRE TOTAL EDTA'),
(58, 'PRUEBA DE EMBARAZO CUANTITATIVA', 'BETA CUANTITATIVA', 368.00, NULL, NULL, NULL, 'SUERO'),
(59, 'ANTICUERPOS ANTI HEPATITIS C IgG', 'ANTICUERPOS ANTI HEPATITIS C IgG', 350.00, NULL, NULL, NULL, 'SUERO'),
(60, 'ANTICUERPOS ANTI HEPATITIS A IgG', 'ANTICUERPOS ANTI HEPATITIS A IgG', 350.00, NULL, NULL, NULL, 'SUERO'),
(61, 'ANTICUERPOS ANTI HEPATITIS A  IgM', 'ANTICUERPOS ANTI HEPATITIS A  IgM', 350.00, NULL, NULL, NULL, 'SUERO'),
(62, 'GRUPO Y RH', 'GRUPO Y RH', 80.00, NULL, NULL, NULL, 'SANGRE TOTAL EDTA'),
(63, 'CINETICA DE HIERRO', 'CONETICA DE HIERRO', 650.00, NULL, NULL, NULL, 'SUERO'),
(64, 'ELECTROLITOS SERICOS 3', 'ELECTROLITOS SERICOS 3', 250.00, NULL, NULL, NULL, 'SUERO'),
(65, 'ELECTROLITOS SERICOS 6', 'ELECTROLITOS SERICOS 6', 490.00, NULL, NULL, NULL, 'SUERO'),
(66, 'EXAMEN GENERAL DE ORINA', 'EGO', 80.00, NULL, NULL, NULL, 'ORINA'),
(67, 'MICROALBUMINURIA', 'MICROALBUMINURIA', 336.00, NULL, NULL, NULL, 'ORINA'),
(68, 'DEPURACION DE CREATININA', 'DEPURACION DE CREATININA', 300.00, NULL, NULL, NULL, 'ORINA'),
(69, 'CITOQUIMICO LCR', 'CITOQUIMICO LCR', 5.00, NULL, NULL, NULL, 'SUERO'),
(70, 'BIOMETRIA HEMATICA', 'BH', 140.00, NULL, NULL, NULL, 'SANGRE TOTAL DTEA'),
(71, 'BIOMETRIA HEMATICA M', 'BH', 140.00, NULL, NULL, NULL, 'SANGRE TOTAL DTEA'),
(72, 'BIOMETRIA HEMATICA H', 'BH', 140.00, NULL, NULL, NULL, 'SANGRE TOTAL DTEA'),
(73, 'PERFIL DE DROGAS 5', 'ANTIDOPING 5', 480.00, NULL, NULL, NULL, 'ORINA'),
(74, 'PERFIL DE DROGAS 6', 'ANTIDOPING 6', 580.00, NULL, NULL, NULL, 'ORINA'),
(75, 'PERFIL DE DROGAS DE 3', 'ANTIDOPING 3', 290.00, NULL, NULL, NULL, 'ORINA'),
(76, 'AC. ANTI HERPES I Y II IgM', 'AC. ANTI HERPES I Y II IgM', 520.00, NULL, NULL, NULL, 'SUERO'),
(77, 'ANTICUERPOS ANTI CARDIOLIPINAS IgM IgG', 'ANTICUERPOS ANTI CARDIOLIPINAS IgM IgG', 880.00, NULL, NULL, NULL, 'SUERO'),
(78, 'ANTICUERPOS VARICELA HERPES ZOSTER', 'ANTICUERPOS VARICELA HERPES ZOSTER', 5.00, NULL, NULL, NULL, 'SUERO'),
(79, 'ANTICUERPOS ANTI NUCLEARES', 'ANA', 420.00, NULL, NULL, NULL, 'SUERO'),
(80, 'REACCIONES FEBRILES', 'REACCIONES FEBRILES', 135.00, NULL, NULL, NULL, 'SUERO'),
(81, 'GLUCOSA POST - PANDRIAL', 'GLUCOSA POST - PANDRIAL', 130.00, NULL, NULL, NULL, 'SUERO'),
(82, 'CURVA DE GLUCOSA', 'CURVA DE GLUCOSA', 295.00, NULL, NULL, NULL, 'SUERO'),
(83, 'QUIMICA SANGUINEA 35', 'QUIMICA SANGUINEA 35', 999.00, NULL, NULL, NULL, 'SUERO'),
(84, 'QUIMICA SANGUINEA 22', 'QUIMICA SANGUINEA 22', 800.00, NULL, NULL, NULL, 'SUERO'),
(85, 'QUIMICA SANGUINEA DE 6 ELEMENTOS', 'QUIMICA SANGUINEA DE 6 ELEMENTOS', 320.00, NULL, NULL, NULL, 'SUERO'),
(86, 'QUIMICA SANGUINEA 4', 'QUIMICA SANGUINEA 4', 220.00, NULL, NULL, NULL, 'SUERO'),
(87, 'QUIMICA SANGUINEA 3', 'QUIMICA SANGUINEA 3', 160.00, NULL, NULL, NULL, 'SUERO'),
(88, 'TASA DE FILTRACION GLOMERULAR', 'TASA DE FILTRACION GLOMERULAR', 5.00, NULL, NULL, NULL, 'SUERO'),
(89, 'TASA DE FILTRACION GLOMERULAR', 'TASA DE FILTRACION GLOMERULAR', 5.00, NULL, NULL, NULL, 'SUERO'),
(90, 'AC.ANTI BRUCELLA 2- MERCAPTOL ETANOL', 'AC.ANTI BRUCELLA 2- MERCAPTOL ETANOL', 358.00, NULL, NULL, NULL, 'SUERO'),
(91, 'ANTICUERPOS ANTI SM IgG', 'ANTICUERPOS ANTI SM IgG', 15.00, NULL, NULL, NULL, 'SUERO'),
(92, 'ANTICUERPOS ANTI-RICKETTSIAS IgG e IgM', 'ANTICUERPOS ANTI-RICKETTSIAS IgG e IgM', 15.00, NULL, NULL, NULL, 'SUERO'),
(93, 'AC.ANTI-ISTOLES DE LANGERHANS', 'AC.ANTI-ISTOLES DE LANGERHANS', 12.00, NULL, NULL, NULL, 'SUERO'),
(94, 'AC ANTI ACIDO GLUTAMINICO DESCARBOXILASA', 'AC ANTI ACIDO GLUTAMINICO DESCARBOXILASA', 15.00, NULL, NULL, NULL, 'SUERO'),
(95, 'ANTICUERPOS ANTI DNA NATIVE DOBLE CADENA', 'ANTICUERPOS ANTI DNA NATIVE DOBLE CADENA', 15.00, NULL, NULL, NULL, 'SUERO'),
(96, 'ANTICUERPOS ANTI CITOPLASMA DE NEUTROFILOS', 'ANTICUERPOS ANTI CITOPLASMA DE NEUTROFILOS', 15.00, NULL, NULL, NULL, 'SUERO'),
(97, 'ANTICUERPOS ANTI CHAMYDIA TRACHOMATIS IgA IgG', 'ANTICUERPOS ANTI CHAMYDIA TRACHOMATIS IgA IgG', 15.00, NULL, NULL, NULL, 'SUERO'),
(98, 'ANTIGENO PROSTATICO TOTAL Y LIBRE', 'ANTIGENO PROSTATICO TOTAL Y LIBRE', 475.00, NULL, NULL, NULL, 'SUERO'),
(99, 'PROTEINAS EN ORINA', 'PROTEINAS EN ORINA', 150.00, NULL, NULL, NULL, 'ORINA'),
(100, 'CALPROTECTINA HUMANA (hCp)', 'CALPROTECTINA HUMANA (hCp)', 15.00, NULL, NULL, NULL, 'HECES FECALES'),
(101, 'PERFIL DE AMIBA EN FRESCO', 'PERFIL DE AMIBA EN FRESCO', 190.00, NULL, NULL, NULL, 'HECES FECALES'),
(102, 'ANTICUERPOS ANTI SARS  COV2 IgG Y IgM', 'ANTICUERPOS ANTI SARS  COV2 IgG Y IgM', 550.00, NULL, NULL, NULL, 'NASAL'),
(103, 'ANTICUERPOS ANTI DENGUE', 'DENGUE', 550.00, NULL, NULL, NULL, 'SUERO'),
(104, 'HEMOGLOBINA  GLUCOSILADA', 'HEMOGLOBINA  GLUCOSILADA', 399.00, NULL, NULL, NULL, 'SANGRE TOTAL DTEA'),
(105, 'COPROLOGICO GENERAL', 'COPROLOGICO GENERAL', 295.00, NULL, NULL, NULL, 'HECES FECALES');

-- --------------------------------------------------------

--
-- Estructura de tabla para la tabla `examenparametro`
--

CREATE TABLE `examenparametro` (
  `id` bigint(20) UNSIGNED NOT NULL,
  `examenes_id` bigint(20) UNSIGNED NOT NULL,
  `parametros_id` bigint(20) UNSIGNED NOT NULL
) ENGINE=InnoDB DEFAULT CHARSET=latin1 COLLATE=latin1_swedish_ci;

--
-- Volcado de datos para la tabla `examenparametro`
--

INSERT INTO `examenparametro` (`id`, `examenes_id`, `parametros_id`) VALUES
(44, 45, 98),
(45, 46, 76),
(46, 46, 77),
(47, 46, 79),
(48, 46, 80),
(49, 46, 82),
(50, 46, 83),
(51, 47, 76),
(52, 47, 77),
(53, 47, 79),
(54, 47, 80),
(55, 47, 82),
(56, 47, 83),
(57, 47, 85),
(58, 47, 86),
(59, 47, 87),
(60, 47, 89),
(61, 47, 91),
(62, 48, 102),
(63, 49, 76),
(64, 49, 77),
(65, 49, 79),
(66, 50, 80),
(67, 50, 82),
(68, 51, 71),
(69, 51, 72),
(70, 51, 73),
(71, 51, 74),
(72, 51, 81),
(73, 52, 73),
(74, 53, 74),
(75, 54, 71),
(76, 55, 72),
(77, 56, 133),
(78, 57, 51);

-- --------------------------------------------------------

--
-- Estructura de tabla para la tabla `failed_jobs`
--

CREATE TABLE `failed_jobs` (
  `id` bigint(20) UNSIGNED NOT NULL,
  `uuid` varchar(255) NOT NULL,
  `connection` text NOT NULL,
  `queue` text NOT NULL,
  `payload` longtext NOT NULL,
  `exception` longtext NOT NULL,
  `failed_at` timestamp NOT NULL DEFAULT current_timestamp()
) ENGINE=InnoDB DEFAULT CHARSET=latin1 COLLATE=latin1_swedish_ci;

-- --------------------------------------------------------

--
-- Estructura de tabla para la tabla `lugares`
--

CREATE TABLE `lugares` (
  `id` bigint(20) UNSIGNED NOT NULL,
  `cat_lugares_id` bigint(20) UNSIGNED NOT NULL,
  `nombre` bigint(20) UNSIGNED NOT NULL,
  `direccion` varchar(255) NOT NULL,
  `telefono` varchar(255) DEFAULT NULL,
  `correo` varchar(255) DEFAULT NULL,
  `encargado` varchar(255) NOT NULL,
  `telEncargado` varchar(255) DEFAULT NULL,
  `foraneo` float DEFAULT NULL
) ENGINE=InnoDB DEFAULT CHARSET=utf8mb4 COLLATE=utf8mb4_general_ci;

-- --------------------------------------------------------

--
-- Estructura de tabla para la tabla `maquilas`
--

CREATE TABLE `maquilas` (
  `id` bigint(20) UNSIGNED NOT NULL,
  `nombre` varchar(255) NOT NULL,
  `direccion` varchar(255) NOT NULL,
  `telefono` varchar(255) DEFAULT NULL,
  `correo` varchar(255) DEFAULT NULL,
  `encargado` varchar(255) NOT NULL,
  `telEncargado` varchar(255) DEFAULT NULL,
  `foraneo` float DEFAULT NULL
) ENGINE=InnoDB DEFAULT CHARSET=latin1 COLLATE=latin1_swedish_ci;

--
-- Volcado de datos para la tabla `maquilas`
--

INSERT INTO `maquilas` (`id`, `nombre`, `direccion`, `telefono`, `correo`, `encargado`, `telEncargado`, `foraneo`) VALUES
(1, 'Primera Maquila', 'Ut nostrum est eiusm', 'Libero quas quasi qu', 'Laboriosam rem eu m', 'Perferendis non id n', 'Omnis quis voluptati', 94);

-- --------------------------------------------------------

--
-- Estructura de tabla para la tabla `model_has_permissions`
--

CREATE TABLE `model_has_permissions` (
  `permission_id` bigint(20) UNSIGNED NOT NULL,
  `model_type` varchar(255) NOT NULL,
  `model_id` bigint(20) UNSIGNED NOT NULL
) ENGINE=InnoDB DEFAULT CHARSET=latin1 COLLATE=latin1_swedish_ci;

-- --------------------------------------------------------

--
-- Estructura de tabla para la tabla `model_has_roles`
--

CREATE TABLE `model_has_roles` (
  `role_id` bigint(20) UNSIGNED NOT NULL,
  `model_type` varchar(255) NOT NULL,
  `model_id` bigint(20) UNSIGNED NOT NULL
) ENGINE=InnoDB DEFAULT CHARSET=latin1 COLLATE=latin1_swedish_ci;

--
-- Volcado de datos para la tabla `model_has_roles`
--

INSERT INTO `model_has_roles` (`role_id`, `model_type`, `model_id`) VALUES
(1, 'App\\Models\\User', 1),
(1, 'App\\Models\\User', 3),
(3, 'App\\Models\\User', 2),
(3, 'App\\Models\\User', 4),
(3, 'App\\Models\\User', 5),
(3, 'App\\Models\\User', 6),
(3, 'App\\Models\\User', 7);

-- --------------------------------------------------------

--
-- Estructura de tabla para la tabla `pacientes`
--

CREATE TABLE `pacientes` (
  `id` bigint(20) UNSIGNED NOT NULL,
  `nombre` varchar(255) NOT NULL,
  `apellido` varchar(255) NOT NULL,
  `nacimiento` date NOT NULL,
  `telefono` varchar(255) NOT NULL,
  `correo` varchar(255) DEFAULT NULL
) ENGINE=InnoDB DEFAULT CHARSET=latin1 COLLATE=latin1_swedish_ci;

-- --------------------------------------------------------

--
-- Estructura de tabla para la tabla `parametros`
--

CREATE TABLE `parametros` (
  `id` bigint(20) UNSIGNED NOT NULL,
  `nombre` varchar(255) NOT NULL,
  `tipo` varchar(255) DEFAULT NULL,
  `alto` float(10,2) DEFAULT NULL,
  `bajo` float(10,2) DEFAULT NULL,
  `medicion` varchar(255) DEFAULT NULL,
  `escrito` varchar(255) DEFAULT NULL,
  `referencia` varchar(255) DEFAULT NULL,
  `respuesta` int(11) DEFAULT NULL,
  `created_at` timestamp NULL DEFAULT NULL,
  `updated_at` timestamp NULL DEFAULT NULL
) ENGINE=InnoDB DEFAULT CHARSET=latin1 COLLATE=latin1_swedish_ci;

--
-- Volcado de datos para la tabla `parametros`
--

INSERT INTO `parametros` (`id`, `nombre`, `tipo`, `alto`, `bajo`, `medicion`, `escrito`, `referencia`, `respuesta`, `created_at`, `updated_at`) VALUES
(42, 'COPROCULTIVO', 'HECES FECALES', NULL, NULL, NULL, NULL, NULL, 2, NULL, NULL),
(43, 'AC. ANTI HELICOBACTER  PYLORI IgG', 'SUERO', NULL, NULL, 'U/mL', NULL, NULL, 1, NULL, NULL),
(44, 'ANTIGENO CA 15.3', 'SUERO', 38.00, 3.00, 'UI/ml', NULL, NULL, 1, NULL, NULL),
(45, 'ANTIGENO CA 19.9', 'SUERO', 40.00, 0.00, 'U/mL', NULL, NULL, 1, NULL, NULL),
(46, 'ANTIGENO CA 125', 'SUERO', NULL, NULL, 'U/mL', NULL, NULL, 1, NULL, NULL),
(47, 'ALFAFETOPROTEINAS', 'SUERO', 12.00, 0.00, 'ng/ml', NULL, NULL, 1, NULL, NULL),
(48, 'ANTIGENO CARCINOEMBRIONARIO', 'SUERO', NULL, NULL, 'ng/ml', NULL, 'NO FUMADORES 0.0 -3.0 FUMADORES  0.0 -5.0', 2, NULL, NULL),
(49, 'ANTICUERPOS ANTI - TIRODEOS', 'SUERO', 35.00, 0.00, 'UI/ml', NULL, NULL, 2, NULL, NULL),
(50, 'ANTICUERPOS ANTI - MITOCONDRIALES', 'SUERO', NULL, NULL, NULL, NULL, 'NEGATIVO 0 - 0.90 ZONA GRIS 0.91 - 1.09 POSITIVA MAYOR DE 1.10', 2, NULL, NULL),
(51, 'PEPTIDO NATRIURETICO NT.Pro', 'SANGRE TOTAL EDTA', 125.00, 5.00, 'pg/ml', NULL, NULL, 1, NULL, NULL),
(52, 'PEPTIDO C', 'SUERO', 4.40, 1.10, 'ng/ml', NULL, NULL, 1, NULL, NULL),
(53, 'AC ANTI PEPTIDO CICLICO CUTRULINADO IgG', 'SUERO', 5.00, 0.00, 'U/mL', NULL, NULL, 1, NULL, NULL),
(54, 'ANTIGENO HELICOBACTER PYLORI', 'HECES FECALES', NULL, NULL, NULL, NULL, 'NEGATIVO', 2, NULL, NULL),
(55, 'T3 TOTAL (Triyodo tironina)', 'SUERO', NULL, NULL, 'ng/dL', NULL, NULL, 1, NULL, NULL),
(56, 'ACS ANTI TREPONEMA PALLIDUM', 'SUERO', 1.00, 0.00, 'S/CO', NULL, NULL, 1, NULL, NULL),
(57, 'T3 LIBRE', 'SUERO', 5.20, 2.70, 'pg/mL', NULL, NULL, 1, NULL, NULL),
(58, 'HORMONA TIROIDEA ESTIMULANTE (TSH)', 'SUERO', 5.00, 0.35, 'µU/mL', NULL, NULL, 1, NULL, NULL),
(59, 'T3 CAPTACION', 'SUERO', 37.00, 25.00, '%', NULL, NULL, 1, NULL, NULL),
(60, 'INDICE DE TIROXINA LIBRE', 'SUERO', 4.40, 1.10, NULL, NULL, NULL, 1, NULL, NULL),
(61, 'T4 LIBRE', 'SUERO', 2.00, 0.80, 'ng/dL', NULL, NULL, 1, NULL, NULL),
(62, 'T4 TOTAL TIROXINA', 'SUERO', 12.00, 5.40, 'µg/dL', NULL, NULL, 1, NULL, NULL),
(63, 'COLESTEROL TOTAL', 'SUERO', 200.00, NULL, 'mg/dL', NULL, 'MENOR A 200', 1, NULL, NULL),
(64, 'COLESTEROL DE ALTA DENSIDAD (HDL)', 'SUERO', 65.00, 35.00, 'mg/dL', NULL, NULL, 1, NULL, NULL),
(65, 'COLESTEROL DE BAJA DENSIDAD (LDL)', 'SUERO', NULL, NULL, 'mg/dL', NULL, NULL, 1, NULL, NULL),
(66, 'COLESTEROL DE MUY BAJA DENSIDAD (VLDL)', 'SUERO', NULL, NULL, 'mg/dL', NULL, NULL, 1, NULL, NULL),
(67, 'TRIGLICERIDOS', 'SUERO', 160.00, 40.00, 'mg/dL', NULL, NULL, 1, NULL, NULL),
(68, 'LIPIDOS TOTALES', 'SUERO', 1000.00, 400.00, 'mg/dL', NULL, NULL, 1, NULL, NULL),
(69, 'DESHIDROGENASA LACTICA (DHL)', 'SUERO', 460.00, 230.00, 'U/L', NULL, NULL, 1, NULL, NULL),
(70, 'ACIDO URICO', 'SUERO', 7.70, 2.50, 'mg/dL', NULL, NULL, 1, NULL, NULL),
(71, 'PROTEINA C REACTIVA', 'SUERO', 6.00, 0.00, 'mg/L', NULL, NULL, 1, NULL, NULL),
(72, 'FACTOR REUMATOIDE', 'SUERO', 8.00, 0.00, 'mg/L', NULL, NULL, 1, NULL, NULL),
(73, 'ANTIESTREPTOLISINAS', 'SUERO', 200.00, 0.00, 'UI/mL', NULL, NULL, 1, NULL, NULL),
(74, 'VSG', 'SANGRE TOTAL EDTA', 20.00, 0.00, 'mm/hr', NULL, NULL, 1, NULL, NULL),
(75, 'AMILASA', 'SUERO', 110.00, 30.00, 'U/L', NULL, NULL, 1, NULL, NULL),
(76, 'BILIRRUBINA TOTAL', 'SUERO', 1.10, 0.00, 'mg/dL', NULL, NULL, 1, NULL, NULL),
(77, 'BILIRRUBINA DIRECTA', 'SUERO', 0.25, 0.00, 'mg/dL', NULL, NULL, 1, NULL, NULL),
(78, 'LIPASA', 'SUERO', 300.00, 23.00, 'UI/L', NULL, NULL, 1, NULL, NULL),
(79, 'BILIRRUBINA INDIRECTA', 'SUERO', NULL, NULL, 'mg/dL', NULL, NULL, 1, NULL, NULL),
(80, 'TGO (AST)', 'SUERO', 38.00, 0.00, 'U/L', NULL, NULL, 1, NULL, NULL),
(81, 'ACIDO URICO', 'SUERO', 7.70, 2.50, 'mg/dl', NULL, NULL, 1, NULL, NULL),
(82, 'TGP (ALT)', 'SUERO', 40.00, 0.00, 'U/L', NULL, NULL, 1, NULL, NULL),
(83, 'FOSFATASA ALCALINA', 'SUERO', 279.00, 98.00, 'U/L', NULL, NULL, 1, NULL, NULL),
(84, 'ANTICUERPOS ANTI TEPONEMA PALLIDUM', 'SUERO', NULL, NULL, NULL, NULL, 'NO REQCTIVO MENOS A 1.0 REACTIVO MAYOR A 1.0', 2, NULL, NULL),
(85, 'GGT (Gamaglutamiltranspeptidasa)', 'SUERO', 50.00, 11.00, 'U/L', NULL, NULL, 1, NULL, NULL),
(86, 'PROTEINAS TOTALES', 'SUERO', 8.30, 6.60, 'g/dL', NULL, NULL, 1, NULL, NULL),
(87, 'ALBUMINA', 'SUERO', 5.00, 3.50, 'g/dL', NULL, NULL, 1, NULL, NULL),
(88, 'PRUEBA DE EMBARAZO', 'SUERO', NULL, NULL, NULL, NULL, 'NEGATIVO', 2, NULL, NULL),
(89, 'GLOBULINA', 'SUERO', NULL, NULL, 'g/dL', NULL, NULL, 1, NULL, NULL),
(90, 'VDRL', 'SUERO', NULL, NULL, NULL, NULL, 'NEGATIVO', 2, NULL, NULL),
(91, 'RELACION: Albumina/Globulina', 'SUERO', NULL, NULL, '%', NULL, NULL, 1, NULL, NULL),
(92, 'ANTICUERPOS  ANTI HIV 1 Y 2', 'SUERO', NULL, NULL, NULL, NULL, 'NEGATIVO', 2, NULL, NULL),
(93, 'VITAMINA B-6', 'SUERO', 46.70, 5.30, 'ug/L', NULL, NULL, 1, NULL, NULL),
(94, 'ANTIGENO DE HIV AG 24', 'SUERO', NULL, NULL, NULL, NULL, 'NO REACTIVO', 2, NULL, NULL),
(95, 'VITAMINA B-12', 'SUERO', 914.00, 180.00, 'pg/mL', NULL, NULL, 1, NULL, NULL),
(96, 'VITAMINA D (OH) 25 (D2 Y D3) TOTAL', 'SUERO', NULL, NULL, 'ng/mL', NULL, NULL, 1, NULL, NULL),
(97, 'AC. ANTI INSULINA', 'SUERO', NULL, NULL, 'UI/mL', NULL, 'NEGATIVO <0,95 POSITIVO >1,05', 1, NULL, NULL),
(98, 'INSULINA', 'SUERO', 26.00, 2.30, 'Uul/mL', NULL, NULL, 1, NULL, NULL),
(99, 'ANTIGENO DE HIV AG 24', 'SUERO', NULL, NULL, NULL, NULL, 'NO REACTIVO', 2, NULL, NULL),
(100, 'FERRITINA', 'SUERO', 300.00, 30.00, 'ng/ml', NULL, NULL, 1, NULL, NULL),
(101, 'COOMBS DIRECTO', 'SANGRE TOTAL EDTA', NULL, NULL, NULL, NULL, NULL, 2, NULL, NULL),
(102, 'COOMBS INDIRECTO', 'SUERO', NULL, NULL, NULL, NULL, 'NEGATIVO', 2, NULL, NULL),
(103, 'CREATINFOSFOQUINASA (CPK)', 'SUERO', 195.00, 24.00, 'U/L', NULL, NULL, 1, NULL, NULL),
(104, 'CREATINFOSFOQUINASA FRACCION MB (CPK-MB)', 'SUERO', 7.00, 0.00, 'ng/mL', NULL, NULL, 1, NULL, NULL),
(105, 'TROPONINA I', 'SUERO', 0.15, 0.00, 'ng/mL', NULL, NULL, 1, NULL, NULL),
(106, 'DIMERO D', 'SUERO', 500.00, 0.00, 'ng/mL', NULL, NULL, 1, NULL, NULL),
(107, 'HORMONA FOLICULO ESTIMULANTE', 'SUERO', NULL, NULL, 'mU/mL', NULL, '2.5 - 12.0 Prepuberes 2.0 - 12.0 Fase folicular 1.6 - 10-0 Fase lútea 5.0 - 33.0 Mitad del ciclo 21.0 - 131.0 Post-menopausia', 2, NULL, NULL),
(108, 'HORMONA LUTEINIZANTE (LH)', 'SUERO', NULL, NULL, 'MUl/mL', NULL, '0.8 - 12.0 Prepuberes 2.6 - 12.0 Fase folicular 1.0 - 15.0 Fase lútea 27.0 - 97.0 Mitad del ciclo 13.0 - 86.0 Post-menopausia', 2, NULL, NULL),
(109, 'PROLACTINA', 'SUERO', NULL, NULL, 'ng/mL', NULL, '0.0 - 23.0 Fase folicular 5.0 - 40.0 Fase lútea', 2, NULL, NULL),
(110, 'PROGESTERONA', 'SUERO', NULL, NULL, 'ng/mL', NULL, '0.14 - 2.3 Fase folicular 5.2 - 22.7 Fase lútea media 1.4 - 16.6 Fase lútea 0.00 - 0.07 Post-menopausia 0.1 - 0.3 Anticonceptivos orales', 2, NULL, NULL),
(111, 'ESTRADIOL', 'SUERO', NULL, NULL, 'pg/mL', NULL, '<15.0 Prepuberes 26.0 - 161.0 Fase folicular temprana 187.0 - 382.0 Fase folicular tardia 32.0 - 201.0 Fase lútea  0.0 - 30.0 Post-menopausia', 2, NULL, NULL),
(112, 'CORTISOL (MATUTINO)', 'SUERO', 25.00, 5.00, 'µg/dL', NULL, NULL, 1, NULL, NULL),
(113, 'CORTISOL', 'SUERO', NULL, NULL, 'mcg/dL', NULL, '5 - 25 A.M. 2.5 - 12.5 P.M.', 2, NULL, NULL),
(114, 'ANTIGENO SARS COV2', 'NASAL', NULL, NULL, NULL, NULL, 'NEGATIVO', 2, NULL, NULL),
(115, 'COPROPARASITOSCOPICO', 'HECES FECALES', NULL, NULL, NULL, NULL, 'NEGATIVO', 2, NULL, NULL),
(116, 'SANGRE OCULTA EN HECES', 'HECES FECALES', NULL, NULL, NULL, NULL, 'NEGATIVO', 2, NULL, NULL),
(117, 'ROTAVIRUS', 'HECES FECALES', NULL, NULL, NULL, NULL, 'NEGATIVA', 2, NULL, NULL),
(118, 'ANTIGENO PROSTATICO', 'SUERO', 5.00, 0.40, 'ng/ml', NULL, NULL, 1, NULL, NULL),
(119, 'ANTICUERPOS ANTI - HEPATITIS C', 'SUERO', NULL, NULL, NULL, NULL, 'NEGATIVO', 2, NULL, NULL),
(120, 'ANTIGENO DE SUPERFICIE DE LA HEPATITIS B', 'SUERO', NULL, NULL, NULL, NULL, 'NEGATIVO', 2, NULL, NULL),
(121, 'GLUCOSA', 'SUERO', 110.00, 70.00, 'mg/dl', NULL, NULL, 1, NULL, NULL),
(122, 'ROSA DE BENGALA (AC.ANTI-BRUCELLA)', 'SUERO', NULL, NULL, NULL, NULL, 'MENOR A 25 UI/ml', 2, NULL, NULL),
(123, 'TIEMPO DE TROMBINA', 'PLASMA CITRADO', NULL, NULL, NULL, NULL, 'MENOR A 22', 2, NULL, NULL),
(124, 'FIBRINOGENO', 'PLASMA CITRADO', 400.00, 200.00, 'mg/dl', NULL, NULL, 1, NULL, NULL),
(125, 'HIERRO', 'SUERO', 160.00, 60.00, 'mcg/dL', NULL, NULL, 1, NULL, NULL),
(126, 'CAP. DE FIJ. TOTAL DE Fe', 'SUERO', 400.00, 200.00, 'mcg/dL', NULL, NULL, 1, NULL, NULL),
(127, 'CAP. DE FIJ. LIBRE DE Fe', 'SUERO', 300.00, 150.00, 'mcg/dL', NULL, NULL, 1, NULL, NULL),
(128, 'PORCENTAJE DE SAT. DE Fe', 'SUERO', 55.00, 20.00, '%', NULL, NULL, 1, NULL, NULL),
(129, 'TRASFERRINA', 'SUERO', 382.00, 180.00, 'mg/dL', NULL, NULL, 1, NULL, NULL),
(130, 'ACIDO VALPRICO', 'SUERO', 100.00, 50.00, 'ug/mL', NULL, NULL, 1, NULL, NULL),
(131, 'AMONIO EN PLASMA', 'SANGRE TOTAL EDTA', 30.00, 9.00, 'umol/L', NULL, NULL, 1, NULL, NULL),
(132, 'LITIO', 'SUERO', NULL, NULL, 'mmol/L', NULL, '0.5 - 1.5 Rango terapéutico 0.4 - 1.0 Terapia de mantenimiento 0.9 - 1.4 Terapia aguda', 2, NULL, NULL),
(133, 'PROCALCITONINA', 'SUERO', NULL, NULL, 'ng/mL', NULL, 'Individuos sanos <0.5 Infecciones virales <0.5 Infecciones bacterianas leves o localizadas hasta 2.0 Severas, sistemáticas igual o  >10.0', 2, NULL, NULL),
(134, 'DIGOXINA', 'SUERO', 2.00, 0.80, 'ng/mL', NULL, 'Rango terapéutico 0.8 -2.8 Nivel tóxico  >4.3', 2, NULL, NULL),
(135, 'COLINESTERASA', 'SUERO', NULL, NULL, 'U/mL', NULL, NULL, 1, NULL, NULL),
(136, 'CARBAMAZEPINA', 'SUERO', NULL, NULL, 'µg/mL', NULL, 'Monoterapia 8-12 Politerapia 4-8', 1, NULL, NULL),
(137, 'INMUNOGLOBULINA A (IgA)', 'SUERO', 360.00, 71.00, 'mg/dL', NULL, NULL, 1, NULL, NULL),
(138, 'INMUNOGLOBULINA E (IgE TOTAL)', 'SUERO', 200.00, 0.00, 'UI/mL', NULL, NULL, 1, NULL, NULL),
(139, 'INMUNOGLOBULINA G (IgG)', 'SUERO', NULL, NULL, 'mg/dL', NULL, NULL, 1, NULL, NULL),
(140, 'INMUNOGLOBULINA M (IgM)', 'SUERO', 263.00, 40.00, 'mg/dL', NULL, NULL, 1, NULL, NULL),
(141, 'INMUNOGLOBULINA E (IgE)', 'SUERO', 180.00, 1.00, 'UI/m', NULL, NULL, 1, NULL, NULL),
(142, 'COMPLEMENTO C3', 'SUERO', 135.00, 60.00, 'mg/dL', NULL, NULL, 1, NULL, NULL),
(143, 'COMPLEMENTO C4', 'SUERO', 40.00, 10.00, 'mg/dL', NULL, NULL, 1, NULL, NULL),
(144, 'COMPLEMENTO HEMOLITICO AL 50%', 'SUERO', 255.00, 86.00, 'U/CH50', NULL, NULL, 1, NULL, NULL),
(145, 'DHEA-SO4', 'SUERO', 430.00, 35.00, 'ug/dL', NULL, NULL, 1, NULL, NULL),
(146, 'PEPTIDO NATRIURETICO (BNP)', 'SANGRE TOTAL EDTA', 100.00, 0.00, 'pg/mL', NULL, NULL, 1, NULL, NULL),
(147, 'PARTICULAS VIRALES DE VIH-1', 'SUERO', NULL, NULL, 'Copias/mL', NULL, 'Límite de detección <40', 2, NULL, NULL),
(148, 'LOGARITMO', 'SUERO', NULL, NULL, NULL, NULL, 'Límite de detección 1.60', 2, NULL, NULL),
(149, 'OSMOLARIDAD ORINA', 'ORINA', 1090.00, 390.00, 'mOsmol/L', NULL, NULL, 1, NULL, NULL),
(150, 'H. PARATIROIDEA (PTH INTACTA)', 'SUERO', 76.00, 8.00, 'pg/mL', NULL, NULL, 1, NULL, NULL),
(151, 'H. PARATIROIDEA (PTH MOLECULA INTACTA)', 'SUERO', 72.00, 14.00, 'pg/mL', NULL, NULL, 1, NULL, NULL),
(152, 'TINCION DE BAAR 1', 'ESPUTO/HECES', NULL, NULL, NULL, NULL, 'NEGATIVO', 2, NULL, NULL),
(153, 'TINCION DE BAAR 2', 'ESPUTO/HECES', NULL, NULL, NULL, NULL, 'NEGATIVO', 2, NULL, NULL),
(154, 'TINCION DE BAAR 3', 'ESPUTO/HECES', NULL, NULL, NULL, NULL, 'NEGATIVO', 2, NULL, NULL),
(155, 'TINCION DE BAAR 4', 'ESPUTO/HECES', NULL, NULL, NULL, NULL, 'NEGATIVO', 2, NULL, NULL),
(156, 'TINCION DE BAAR 5', 'ESPUTO/HECES', NULL, NULL, NULL, NULL, 'NEGATIVO', 2, NULL, NULL),
(157, 'PORCENTAJE DE RETICULOCITOS', 'SANGRE TOTAL EDTA', 1.50, 0.50, '%', NULL, NULL, 1, NULL, NULL),
(158, 'ERITROCITOS (RETICULOCITOS)', 'SANGRE TOTAL EDTA', NULL, NULL, 'millon/µL', NULL, NULL, 1, NULL, NULL),
(159, 'ABSOLUTO (RETICULOCITOS)', 'SANGRE TOTAL EDTA', 93000.00, 23000.00, '/µL', NULL, NULL, 1, NULL, NULL),
(160, 'GRUPO', 'SANGRE TOTAL EDTA', NULL, NULL, NULL, NULL, NULL, 2, NULL, NULL),
(161, 'RH', 'SANGRE TOTAL EDTA', NULL, NULL, NULL, NULL, NULL, NULL, NULL, NULL),
(162, 'VDRL', 'SUERO', NULL, NULL, NULL, NULL, 'NEGATIVO', 2, NULL, NULL),
(163, 'ANTICUERPOS ANTI-HIV 1 Y 2', 'SUERO', NULL, NULL, NULL, NULL, 'NO REACTIVO', 2, NULL, NULL),
(164, 'PRUEBA DE EMBARAZO CUANTITATIVA', 'SUERO', NULL, NULL, NULL, NULL, NULL, 1, NULL, NULL),
(165, 'ANTICUERPOS ANTI HEPATIS A IgG', 'SUERO', NULL, NULL, NULL, NULL, 'NEGATIVO', 2, NULL, NULL),
(166, 'ANTICUERPOS ANTI HEPATITIS A  IgM', 'SUERO', NULL, NULL, NULL, NULL, 'NEGATIVO', 2, NULL, NULL),
(167, 'GRUPO Y RH', 'SANGRE TOTAL EDTA', NULL, NULL, NULL, NULL, 'GRUPO Y RH', 2, NULL, NULL),
(168, 'TIEMPO DE COAGULACION', NULL, 12.00, 5.00, 'MINUTOS', NULL, NULL, 1, NULL, NULL),
(169, 'TIEMPO DE SANGRADO', NULL, 5.00, 1.00, 'MINUTOS', NULL, NULL, 1, NULL, NULL),
(170, 'ANTICUERPOS ANTI-PEROXIDASA TIROIDEA', NULL, 35.00, 0.00, 'UI/ml', NULL, NULL, 1, NULL, NULL),
(171, 'ANTICUERPOS ANTI-TIROGLOBULINA', NULL, 35.00, 0.00, 'UI/ml', NULL, NULL, 1, NULL, NULL),
(172, 'FIEBRE Q lgG Fase 1', NULL, NULL, NULL, NULL, NULL, 'Menor a 1:16', 2, NULL, NULL),
(173, 'FIEBRE Q lgM Fase 1', NULL, NULL, NULL, NULL, NULL, 'Menor a 1:16', 2, NULL, NULL),
(174, 'FIEBRE Q lgG Fase 2', NULL, NULL, NULL, NULL, NULL, 'Menor a 1:16', 2, NULL, NULL),
(175, 'FIEBRE Q lgM Fase 2', NULL, NULL, NULL, NULL, NULL, 'Menor a 1:16', 2, NULL, NULL),
(176, 'FIEBRE MONTAÑAS ROCOSAS lgG', NULL, NULL, NULL, NULL, NULL, 'Menor a 1:16', 2, NULL, NULL),
(177, 'FIEBRE MONTAÑAS ROCOSAS lgM', NULL, NULL, NULL, NULL, NULL, 'Menor a 1:16', 2, NULL, NULL),
(178, 'TIFO lgG', NULL, NULL, NULL, NULL, NULL, 'Menor a 1:16', 2, NULL, NULL),
(179, 'TIFO lgM', NULL, NULL, NULL, NULL, NULL, 'Menor a 1:16', 2, NULL, NULL),
(180, 'TIEMPO DE PROTOMBINA (TP)', NULL, 16.00, 9.00, 'SEGUNDOS', NULL, NULL, 1, NULL, NULL),
(181, 'PLASMA CONTROL', NULL, 10.80, 10.80, 'SEGUNDOS', NULL, NULL, 1, NULL, NULL),
(182, '% DE ACTIVIDAD PROTROMBINICA', NULL, 120.00, 63.00, '%', NULL, NULL, 1, NULL, NULL),
(183, 'TIEMPO PARCIAL DE TROMBOPLASTINA', NULL, 40.00, 23.00, 'SEGUNDOS', NULL, NULL, 1, NULL, NULL),
(184, 'INR', NULL, 30.40, 30.40, 'SEGUNDOS', NULL, NULL, 1, NULL, NULL),
(185, 'CINETICA DE HIERRO', NULL, NULL, NULL, NULL, NULL, NULL, 1, NULL, NULL),
(186, 'HIERRO', NULL, 158.00, 59.00, 'ug/dL', NULL, NULL, 1, NULL, NULL),
(187, 'CAP.DE FIJ. TOTAL de FE', NULL, 448.00, 271.00, 'ug/dL', NULL, NULL, 1, NULL, NULL),
(188, 'CAP. DE FIJ. LIBRE de fe', NULL, 345.00, 125.00, 'ug/dL', NULL, NULL, 1, NULL, NULL),
(189, 'PORCENTAJE DE SAT . de fe', NULL, 0.10, 0.00, '%', NULL, NULL, 1, NULL, NULL),
(190, 'FERRITINA', NULL, 400.00, 30.00, 'ng/ml', NULL, NULL, 1, NULL, NULL),
(191, 'TRASFERRINA', NULL, 382.00, 180.00, 'mg/dl', NULL, NULL, 1, NULL, NULL),
(192, 'SODIO (Na)', NULL, 148.00, 134.00, 'mmol/l', NULL, NULL, 1, NULL, NULL),
(193, 'POTASIO(K)', NULL, 5.50, 3.50, 'mmol/l', NULL, NULL, 1, NULL, NULL),
(194, 'CLORO(K)', NULL, 110.00, 96.00, 'mmol/l', NULL, NULL, 1, NULL, NULL),
(195, 'SODIO (Na)', NULL, 148.00, 134.00, 'mmol/l', NULL, NULL, 1, NULL, NULL),
(196, 'POTASIO(K)', NULL, 5.50, 3.50, 'mmol/l', NULL, NULL, 1, NULL, NULL),
(197, 'CLORO(K)', NULL, 110.00, 96.00, 'mmol/l', NULL, NULL, 1, NULL, NULL),
(198, 'CALCIO(Ca)', NULL, 10.20, 8.40, 'mmol/l', NULL, NULL, 1, NULL, NULL),
(199, 'MAGNESIO', NULL, 2.60, 1.60, 'mmol/l', NULL, NULL, 1, NULL, NULL),
(200, 'FOSFORO(P)', NULL, 4.50, 2.50, 'mmol/l', NULL, NULL, 1, NULL, NULL),
(201, 'COLOR FISICO QUIMICO', NULL, NULL, NULL, NULL, NULL, 'AMARILLO', 2, NULL, NULL),
(202, 'ASPECTO FISICO QUIMICO', NULL, NULL, NULL, NULL, NULL, 'TRANSPARENTE', 2, NULL, NULL),
(203, 'DENSIDAD FISICO QUIMICO', NULL, 1.02, 1.00, NULL, NULL, NULL, 1, NULL, NULL),
(204, 'PH FISIO QUIMICO', NULL, 7.00, 5.00, NULL, NULL, NULL, 1, NULL, NULL),
(205, 'ESTERESA LEUCOSITARIA', NULL, NULL, NULL, NULL, NULL, 'NEGATIVA', 2, NULL, NULL),
(206, 'NITRITOS', NULL, NULL, NULL, NULL, NULL, 'NEGATIVOS', 2, NULL, NULL),
(207, 'PROTEINAS', NULL, NULL, NULL, NULL, NULL, 'NEGATIVAS', 2, NULL, NULL),
(208, 'GLUCOSA ORINA', NULL, NULL, NULL, NULL, NULL, 'NEGATIVA', 2, NULL, NULL),
(209, 'CUERPOS CETONICOS', NULL, NULL, NULL, NULL, NULL, 'NEGATIVOS', 2, NULL, NULL),
(210, 'UROBILINOGENO', NULL, 1.00, 0.20, 'mg/dl', NULL, NULL, 1, NULL, NULL),
(211, 'BILIRRUBINAS', NULL, NULL, NULL, NULL, NULL, 'NEGATIVAS', 2, NULL, NULL),
(212, 'HEMOGLOBINA LIBRE', NULL, NULL, NULL, NULL, NULL, 'NEGATIVA', 2, NULL, NULL),
(213, 'LEUCOCITOS SEDIMENTO', NULL, NULL, NULL, NULL, NULL, '0 - 3 POR CAMPO', 2, NULL, NULL),
(214, 'ERITROCITOS SEDIMENTO', NULL, NULL, NULL, NULL, NULL, 'NO SE OBSERVARON', 2, NULL, NULL),
(215, 'CELULAS EPITELIALES SEDIMENTO', NULL, NULL, NULL, NULL, NULL, 'ESCASAS', 2, NULL, NULL),
(216, 'CELULAS RENALES SEDIMENTO', NULL, NULL, NULL, NULL, NULL, 'NO SE OBSERVARON', 2, NULL, NULL),
(217, 'FILMAMENTO EN MOCO', NULL, NULL, NULL, NULL, NULL, 'NO SE OBSERVA', 2, NULL, NULL),
(218, 'BACTERIAS SEDIMENTO', NULL, NULL, NULL, NULL, NULL, 'NO SE OBSERVARON', 2, NULL, NULL),
(219, 'LEVADURAS SEDIMENTO', NULL, NULL, NULL, NULL, NULL, 'NO SE OBSERVARON', 2, NULL, NULL),
(220, 'MICROALBUMINURIA / Lde orina', NULL, NULL, NULL, NULL, NULL, 'mg/L', 2, NULL, NULL),
(221, 'CREATININA DE ORINA', NULL, NULL, NULL, NULL, NULL, 'mg/dl', 2, NULL, NULL),
(222, 'RELACION ALBUMINA / CREATININA ORINA', NULL, 20.00, 0.00, 'mg/g', NULL, NULL, 1, NULL, NULL),
(223, 'CREATININA SERICA', NULL, 1.40, 0.40, 'mg/dl', NULL, NULL, 1, NULL, NULL),
(224, 'CREATININA EN ORINA', NULL, NULL, NULL, NULL, NULL, 'mg/dl', 2, NULL, NULL),
(225, 'VOLUMEN EN ORINA DE 24 HRS', NULL, NULL, NULL, NULL, NULL, 'ml/24hrs', 2, NULL, NULL),
(226, 'PESO', NULL, NULL, NULL, NULL, NULL, 'Kg', 2, NULL, NULL),
(227, 'TALLA', NULL, NULL, NULL, NULL, NULL, 'cm', 2, NULL, NULL),
(228, 'CREATININA URINARIA 24 HRS', NULL, NULL, NULL, NULL, NULL, 'mgr/24 hrs', 2, NULL, NULL),
(229, 'SUPERFICIE CORPORAL', NULL, NULL, NULL, NULL, NULL, 'm2', 2, NULL, NULL),
(230, 'DEPURACION CREATININA', NULL, 115.00, 75.00, NULL, NULL, NULL, 1, NULL, NULL),
(231, 'ASPECTO CITOQUIMICO', NULL, NULL, NULL, NULL, NULL, NULL, NULL, NULL, NULL),
(232, 'SOBRENADANTE CITOQUIMICO', NULL, NULL, NULL, NULL, NULL, NULL, NULL, NULL, NULL),
(233, 'GLUCOSA CITOQUICO', NULL, NULL, NULL, NULL, NULL, 'mg/dl', 2, NULL, NULL),
(234, 'PROTEINAS CITOQUIMICO', NULL, NULL, NULL, NULL, NULL, 'mg/dl', 2, NULL, NULL),
(235, 'GLOBULINAS CITOQUIMICO', NULL, NULL, NULL, NULL, NULL, 'NEGATIVO', 2, NULL, NULL),
(236, 'CLORO CITOQUIMICO', NULL, 132.00, 118.00, 'mEq/l', NULL, NULL, 1, NULL, NULL),
(237, 'LEUCOCITOS CITOQUIMICO', NULL, 6.00, 0.00, 'uL', NULL, NULL, 1, NULL, NULL),
(238, 'DIFERENCIAL CITOQUIMICO', NULL, NULL, NULL, NULL, NULL, NULL, NULL, NULL, NULL),
(239, 'ERITROCITOS  CITOQUIMICO', NULL, NULL, NULL, NULL, NULL, 'uL', 2, NULL, NULL),
(240, 'LINFOCITOS FORMULA BLANCA', NULL, 55.00, 20.00, '%', NULL, NULL, 1, NULL, NULL),
(241, 'MONOCITOS FORMULA BLANCA', NULL, 8.00, 4.00, '%', NULL, NULL, 1, NULL, NULL),
(242, 'NEUTROFILOS FORMULA BLANCA', NULL, 45.00, 15.00, '%', NULL, NULL, 1, NULL, NULL),
(243, 'ERITROCITOS FORMULA ROJA', NULL, 6.50, 4.00, 'millones/mm3', NULL, NULL, 1, NULL, NULL),
(244, 'HEMOGLOBINA FORMULA ROJA', NULL, 20.00, 14.00, 'g/dl', NULL, NULL, 1, NULL, NULL),
(245, 'HEMATOCRITO', NULL, 65.00, 44.00, '%', NULL, NULL, 1, NULL, NULL),
(246, 'VOL. GLOBULAR MEDIO', NULL, 65.00, 44.00, 'fl', NULL, NULL, 1, NULL, NULL),
(247, 'HEM. C .MEDIA', NULL, 37.00, 31.00, 'pg/cel', NULL, NULL, 1, NULL, NULL),
(248, 'CON. HB .C.M', NULL, 38.00, 34.00, 'g/dl', NULL, NULL, 1, NULL, NULL),
(249, 'VPM', NULL, 11.00, 7.40, 'fl', NULL, NULL, 1, NULL, NULL),
(250, 'PLAQUETAS', NULL, 440.00, 150.00, 'miles/ul', NULL, NULL, 1, NULL, NULL),
(251, 'NEUTROFILOS', NULL, 45.00, 15.00, '%', NULL, NULL, 1, NULL, NULL),
(252, 'BANDAS', NULL, 5.00, 0.00, '%', NULL, NULL, 1, NULL, NULL),
(253, 'LINFOCITOS', NULL, 55.00, 20.00, '%', NULL, NULL, 1, NULL, NULL),
(254, 'MONOCITOS', NULL, 8.00, 4.00, '%', NULL, NULL, 1, NULL, NULL),
(255, 'EOSINOFILOS', NULL, 6.00, 0.00, '%', NULL, NULL, 1, NULL, NULL),
(256, 'BASOFILOS', NULL, 2.00, 0.00, '%', NULL, NULL, 1, NULL, NULL),
(257, 'LEUCOCITOS FORMULA BLANCA', NULL, 10.80, 3.50, '10 3/ul', NULL, NULL, 1, NULL, NULL),
(258, 'LINFOCITOS FORMULA BLANCA', NULL, 45.60, 24.60, '%', NULL, NULL, 1, NULL, NULL),
(259, 'MONOCITOS FORMULA BLANCA', NULL, 11.90, 1.70, '%', NULL, NULL, 1, NULL, NULL),
(260, 'NEUTROFILOS FORMULA BLANCA', NULL, NULL, 43.50, '%', NULL, NULL, 1, NULL, NULL),
(261, 'ERITROCITOS FORMULA ROJA', NULL, 5.40, 4.20, 'millones/mm3', NULL, NULL, 1, NULL, NULL),
(262, 'HEMOGLOBINA FORMULA ROJA', NULL, 16.00, 12.00, 'g/dl', NULL, NULL, 1, NULL, NULL),
(263, 'HEMATOCRITO', NULL, 47.00, 37.00, '%', NULL, NULL, 1, NULL, NULL),
(264, 'VOL. GLOBULAR MEDIO', NULL, 99.00, 81.00, 'fl', NULL, NULL, 1, NULL, NULL),
(265, 'HEM. C .MEDIA', NULL, 35.00, 24.00, 'pg/cel', NULL, NULL, 1, NULL, NULL),
(266, 'CON. HB .C.M', NULL, 36.00, 31.00, 'g/dl', NULL, NULL, 1, NULL, NULL),
(267, 'MPV', NULL, 11.00, 7.40, 'fl', NULL, NULL, 1, NULL, NULL),
(268, 'PLAQUETAS', NULL, 400.00, 130.00, 'miles/ul', NULL, NULL, 1, NULL, NULL),
(269, 'NEUTROFILOS', NULL, 74.00, 40.00, '%', NULL, NULL, 1, NULL, NULL),
(270, 'BANDAS', NULL, 5.00, 0.00, '%', NULL, NULL, 1, NULL, NULL),
(271, 'LINFOCITOS', NULL, 48.00, 19.00, '%', NULL, NULL, 1, NULL, NULL),
(272, 'MONOCITOS', NULL, 9.00, 3.00, '%', NULL, NULL, 1, NULL, NULL),
(273, 'EOSINOFILOS', NULL, 7.00, 0.00, '%', NULL, NULL, 1, NULL, NULL),
(274, 'BASOFILOS', NULL, 2.00, 0.00, '%', NULL, NULL, 1, NULL, NULL),
(275, 'LEUCOCITOS FORMULA BLANCA', NULL, 10.80, 4.70, '10 3/ul', NULL, NULL, 1, NULL, NULL),
(276, 'LEUCOCITOS FORMULA BLANCA', NULL, 45.60, 24.60, '%', NULL, NULL, 1, NULL, NULL),
(277, 'MONOCITOS FORMULA BLANCA', NULL, 11.90, 1.70, '%', NULL, NULL, 1, NULL, NULL),
(278, 'NEUTROFILOS FORMULA BLANCA', NULL, 72.50, 43.50, '%', NULL, NULL, 1, NULL, NULL),
(279, 'ERITROCITOS FORMULA ROJA', NULL, 6.10, 4.70, 'millones/mm3', NULL, NULL, 1, NULL, NULL),
(280, 'HEMOGLOBINA FORMULA ROJA', NULL, 18.00, 14.00, 'g/dl', NULL, NULL, 1, NULL, NULL),
(281, 'HEMATOCRITO', NULL, 52.00, 42.00, '%', NULL, NULL, 1, NULL, NULL),
(282, 'VOL. GLOBULAR MEDIO', NULL, 97.00, 80.00, 'fl', NULL, NULL, 1, NULL, NULL),
(283, 'HEM. C .MEDIA', NULL, 35.00, 27.00, 'pg', NULL, NULL, 1, NULL, NULL),
(284, 'CON. HB .C.M', NULL, 36.00, 31.00, 'g/dl', NULL, NULL, 1, NULL, NULL),
(285, 'MPV', NULL, 11.00, 7.40, 'fl', NULL, NULL, 1, NULL, NULL),
(286, 'PLAQUETAS', NULL, 400.00, 130.00, 'miles/ul', NULL, NULL, 1, NULL, NULL),
(287, 'NEUTROFILOS', NULL, 74.00, 40.00, '%', NULL, NULL, 1, NULL, NULL),
(288, 'BANDAS', NULL, 5.00, 0.00, '%', NULL, NULL, 1, NULL, NULL),
(289, 'LINFOCITOS', NULL, 48.00, 19.00, '%', NULL, NULL, 1, NULL, NULL),
(290, 'MONOCITOS', NULL, 9.00, 3.00, '%', NULL, NULL, 1, NULL, NULL),
(291, 'EOSINOFILOS', NULL, 7.00, 0.00, '%', NULL, NULL, 1, NULL, NULL),
(292, 'BASOFILOS', NULL, 2.00, 0.00, '%', NULL, NULL, 1, NULL, NULL),
(293, 'CANABINOIDES(MARIHUANA)', NULL, NULL, NULL, NULL, NULL, 'NEGATIVO', 2, NULL, NULL),
(294, 'COCAINA', NULL, NULL, NULL, NULL, NULL, 'NEGATIVO', 2, NULL, NULL),
(295, 'ANFETAMINAS', NULL, NULL, NULL, NULL, NULL, 'NEGATIVO', 2, NULL, NULL),
(296, 'METANFETAMINAS', NULL, NULL, NULL, NULL, NULL, 'NEGATIVO', 2, NULL, NULL),
(297, 'BENZODIACEPINAS', NULL, NULL, NULL, NULL, NULL, 'NEGATIVO', 2, NULL, NULL),
(298, 'CANABINOIDES(MARIHUANA)', NULL, NULL, NULL, NULL, NULL, 'NEGATIVO', 2, NULL, NULL),
(299, 'COCAINA', NULL, NULL, NULL, NULL, NULL, 'NEGATIVO', 2, NULL, NULL),
(300, 'ANFETAMINAS', NULL, NULL, NULL, NULL, NULL, 'NEGATIVO', 2, NULL, NULL),
(301, 'METANFETAMINAS', NULL, NULL, NULL, NULL, NULL, 'NEGATIVO', 2, NULL, NULL),
(302, 'BENZODIACEPINAS', NULL, NULL, NULL, NULL, NULL, 'NEGATIVO', 2, NULL, NULL),
(303, 'OPICIOS', NULL, NULL, NULL, NULL, NULL, 'NEGATIVO', 2, NULL, NULL),
(304, 'CANABINOIDES(MARIHUANA)', NULL, NULL, NULL, NULL, NULL, 'NEGATIVO', 2, NULL, NULL),
(305, 'COCAINA', NULL, NULL, NULL, NULL, NULL, 'NEGATIVO', 2, NULL, NULL),
(306, 'ANFETAMINAS', NULL, NULL, NULL, NULL, NULL, 'NEGATIVO', 2, NULL, NULL),
(307, 'AC ANTI - HERPES VIRUS I IgG', NULL, NULL, NULL, NULL, NULL, 'NEGATIVO 0 - 0.90  POSITIVO > 1.1', 2, NULL, NULL),
(308, 'AC ANTI - HERPES VIRUS IgM', NULL, NULL, NULL, NULL, NULL, 'NEGATIVO 0 - 0.9 POSITIVO > 1.2', 2, NULL, NULL),
(309, 'ANTI - HERPES VIRUS II  IgG', 'SUERO', NULL, NULL, NULL, NULL, NULL, 2, NULL, NULL),
(310, 'AC ANTI - HERPES VIRUS II  IgM', NULL, NULL, NULL, NULL, NULL, 'NEGATIVO 0 - 0.9 POSITIVO > 1.2', 2, NULL, NULL),
(311, 'AC ANTI CARDIOLIPINAS IgG', NULL, 11.00, 0.00, 'U/mL', NULL, NULL, 1, NULL, NULL),
(312, 'AC ANTI CARDIOLIPINAS IgM', NULL, 11.00, 0.00, 'U/mL', NULL, NULL, 1, NULL, NULL),
(313, 'ANTICUERPOS VARICELA HERPES ZOSTER IgG', NULL, 150.00, 0.00, 'mIU/ml', NULL, NULL, 1, NULL, NULL),
(314, 'ANTICUERPOS VARICELA HERPES ZOSTER IgM', NULL, NULL, NULL, NULL, NULL, 'NEGATIVO', 2, NULL, NULL),
(315, 'ANTICUERPOS ANTI NUCLEARES CELULARES', NULL, 320.00, 0.00, NULL, NULL, NULL, 1, NULL, NULL),
(316, 'PATRON DE FLUORESCENCIA SUSTRATO CELULAS HEp-2', NULL, NULL, NULL, NULL, NULL, 'MOTEADO FINO', 2, NULL, NULL),
(317, 'TIFICO H', NULL, NULL, NULL, NULL, NULL, 'NEGATIVO', 2, NULL, NULL),
(318, 'TIFICO O', NULL, NULL, NULL, NULL, NULL, 'NEGATIVO', 2, NULL, NULL),
(319, 'PARATIFICO A', NULL, NULL, NULL, NULL, NULL, 'NEGATIVO', 2, NULL, NULL),
(320, 'PARATIFICO B', NULL, NULL, NULL, NULL, NULL, 'NEGATIVO', 2, NULL, NULL),
(321, 'PROTEUS OX19', NULL, NULL, NULL, NULL, NULL, 'NEGATIVO', 2, NULL, NULL),
(322, 'BRUCELLA ABORTUS', NULL, NULL, NULL, NULL, NULL, 'NEGATIVO', 2, NULL, NULL),
(323, 'GLUCOSA BASAL', NULL, 110.00, 70.00, 'mg/dl', NULL, NULL, 1, NULL, NULL),
(324, 'GLUCOSA POST PANDRIAL', NULL, NULL, NULL, NULL, NULL, 'MENOR A 140 mg/dl', 2, NULL, NULL),
(325, 'GLUCOSA BASAL', NULL, 110.00, 70.00, 'mg/dl', NULL, NULL, 1, NULL, NULL),
(326, 'GLUCOSA 1 HORA', NULL, 200.00, 70.00, 'mg/dl', NULL, NULL, 1, NULL, NULL),
(327, 'GLUCOSA 2 HORA', NULL, 140.00, 70.00, 'mg/dl', NULL, NULL, 1, NULL, NULL),
(328, 'GLUCOSA', NULL, 110.00, 70.00, 'mg/dl', NULL, NULL, 1, NULL, NULL),
(329, 'UREA', NULL, 45.00, 15.00, 'mg/dl', NULL, NULL, 1, NULL, NULL),
(330, 'NITROGENO UREICO', NULL, 23.40, 4.70, 'mg/dl', NULL, NULL, 1, NULL, NULL),
(331, 'CREATININA', NULL, 1.40, 0.40, 'mg/dl', NULL, NULL, 1, NULL, NULL),
(332, 'ACIDO URICO', NULL, 7.70, 2.50, 'mg/dl', NULL, NULL, 1, NULL, NULL),
(333, 'COLESTEROL', NULL, NULL, NULL, NULL, NULL, 'MENOS DE 200 mg/dl', 2, NULL, NULL),
(334, 'COLESTEROL DE ALTA DENSIDAD (HDL)', NULL, 65.00, 35.00, 'mg/dl', NULL, NULL, 1, NULL, NULL),
(335, 'COLESTEROL DE BAJA DENSIDAD (LDL)', NULL, NULL, NULL, NULL, NULL, 'mg/dl', 2, NULL, NULL),
(336, 'COLESTEROL DE MUY BAJA DENSIDAD (VLDL)', NULL, NULL, NULL, NULL, NULL, 'mg/dl', 2, NULL, NULL),
(337, 'TRIGLICERIDOS', NULL, 160.00, 40.00, 'mg/dl', NULL, NULL, 1, NULL, NULL),
(338, 'LIPIDOS TOTALES', NULL, 1000.00, 400.00, 'mg/dl', NULL, NULL, 1, NULL, NULL),
(339, 'TGO(AST)', NULL, 38.00, 0.00, 'U/L', NULL, NULL, 1, NULL, NULL),
(340, 'TGP(ALT)', NULL, 40.00, 0.00, 'U/L', NULL, NULL, 1, NULL, NULL),
(341, 'FOSFATASA ALCALINA', NULL, 279.00, 98.00, 'U/L', NULL, NULL, 1, NULL, NULL),
(342, 'GGT(gamaglutamiltraspeptidasa)', NULL, 50.00, 11.00, 'U/L', NULL, NULL, 1, NULL, NULL),
(343, 'BULIRRUBINA TOTAL', NULL, 1.10, 0.00, 'mg/dl', NULL, NULL, 1, NULL, NULL),
(344, 'BILIRRUBINA DIRECTA', NULL, 0.25, 0.00, 'mg/dl', NULL, NULL, 1, NULL, NULL),
(345, 'BILIRRUBINA INDIRECTA', NULL, NULL, NULL, NULL, NULL, 'mg/dl', 2, NULL, NULL),
(346, 'PROTEINAS TOTALES', NULL, 8.30, 6.60, 'g/dl', NULL, NULL, 1, NULL, NULL),
(347, 'ALBUMINA', NULL, 5.00, 3.50, 'g/dl', NULL, NULL, 1, NULL, NULL),
(348, 'GLOBULINA', NULL, NULL, NULL, NULL, NULL, 'g/dl', 2, NULL, NULL),
(349, 'RELACION Albumina/Globulina', NULL, NULL, NULL, NULL, NULL, NULL, NULL, NULL, NULL),
(350, 'DESHIDROGENASA LACTICA', NULL, 460.00, 230.00, 'U/L', NULL, NULL, 1, NULL, NULL),
(351, 'SODIO (Na)', NULL, 148.00, 134.00, 'mmol/l', NULL, NULL, 1, NULL, NULL),
(352, 'POTASIO(K)', NULL, 5.30, 3.50, 'mmol/l', NULL, NULL, 1, NULL, NULL),
(353, 'CLORO(K)', NULL, 110.00, 96.00, 'mmol/l', NULL, NULL, 1, NULL, NULL),
(354, 'CALCIO(Ca)', NULL, 10.20, 8.40, 'mg/dl', NULL, NULL, 1, NULL, NULL),
(355, 'MAGNESIO(Mg)', NULL, 2.60, 1.60, 'mg/dl', NULL, NULL, 1, NULL, NULL),
(356, 'FOSFORO(P)', NULL, 4.50, 2.50, 'mg/dl', NULL, NULL, 1, NULL, NULL),
(357, 'TIEMPO DE TROMBINA (TP)', NULL, 16.00, 9.00, 'SEGUNDOS', NULL, NULL, 1, NULL, NULL),
(358, 'PLASMA CONTROL', NULL, NULL, NULL, NULL, NULL, '10.8 SEGUNDOS', 2, NULL, NULL),
(359, '% DE ACTIVIDAD PROTROMBINICA', NULL, 120.00, 63.00, '%', NULL, NULL, 1, NULL, NULL),
(360, 'INR', NULL, NULL, NULL, NULL, NULL, NULL, NULL, NULL, NULL),
(361, 'TIEMPO PARCIAL DE TROMBOPLASTINA', NULL, 40.00, 23.00, '%', NULL, NULL, 1, NULL, NULL),
(362, 'PLASMA CONTROL', NULL, NULL, NULL, NULL, NULL, '30.4 SEGUNDOS', 2, NULL, NULL),
(363, 'GLUCOSA', NULL, 110.00, 70.00, 'mg/dl', NULL, NULL, 1, NULL, NULL),
(364, 'UREA', NULL, 45.00, 15.00, 'mg/dl', NULL, NULL, 1, NULL, NULL),
(365, 'NITROGENO UREICO', NULL, 23.40, 4.70, 'mg/dl', NULL, NULL, 1, NULL, NULL),
(366, 'CREATININA', NULL, 1.40, 0.40, 'mg/dl', NULL, NULL, 1, NULL, NULL),
(367, 'ACIDO URICO', NULL, 7.70, 2.50, 'mg/dl', NULL, NULL, 1, NULL, NULL),
(368, 'COLESTEROL', NULL, NULL, NULL, NULL, NULL, 'MENOS DE 200 mg/dl', 2, NULL, NULL),
(369, 'COLESTEROL DE ALTA DENSIDAD (HDL)', NULL, 65.00, 35.00, 'mg/dl', NULL, NULL, 1, NULL, NULL),
(370, 'COLESTEROL DE BAJA DENSIDAD (LDL)', NULL, NULL, NULL, NULL, NULL, 'mg/dl', 2, NULL, NULL),
(371, 'COLESTEROL DE MUY BAJA DENSIDAD (VLDL)', NULL, NULL, NULL, NULL, NULL, 'mg/dl', 2, NULL, NULL),
(372, 'TRIGLICERIDOS', NULL, 160.00, 40.00, 'mg/dl', NULL, NULL, 1, NULL, NULL),
(373, 'LIPIDOS TOTALES', NULL, 1000.00, 400.00, 'mg/dl', NULL, NULL, 1, NULL, NULL),
(374, 'TGO(AST)', NULL, 38.00, 0.00, 'mg/dl', NULL, NULL, 1, NULL, NULL),
(375, 'TGP(ALT)', NULL, 40.00, 0.00, 'mg/dl', NULL, NULL, 1, NULL, NULL),
(376, 'FOSFATASA ALCALINA', NULL, 279.00, 98.00, 'mg/dl', NULL, NULL, 1, NULL, NULL),
(377, 'GGT(gamaglutamiltraspeptidasa)', NULL, 50.00, 11.00, 'U/L', NULL, NULL, 1, NULL, NULL),
(378, 'PROTEINAS TOTALES', NULL, 8.30, 6.60, 'g/dl', NULL, NULL, 1, NULL, NULL),
(379, 'ALBUMINA', NULL, 5.00, 3.50, 'g/dl', NULL, NULL, 1, NULL, NULL),
(380, 'GLOBULINA', NULL, NULL, NULL, NULL, NULL, 'g/dl', 2, NULL, NULL),
(381, 'RELACION Albumina/Globulina', NULL, NULL, NULL, NULL, NULL, NULL, NULL, NULL, NULL),
(382, 'GLUCOSA', NULL, 110.00, 70.00, 'mg/dl', NULL, NULL, 1, NULL, NULL),
(383, 'UREA', NULL, 45.00, 15.00, 'mg/dl', NULL, NULL, 1, NULL, NULL),
(384, 'NITROGENO UREICO', NULL, 23.40, 4.70, 'mg/dl', NULL, NULL, 1, NULL, NULL),
(385, 'CREATININA', NULL, 1.40, 0.40, 'mg/dl', NULL, NULL, 1, NULL, NULL),
(386, 'ACIDO URICO', NULL, 7.70, 2.50, 'mg/dl', NULL, NULL, 1, NULL, NULL),
(387, 'COLESTEROL', NULL, NULL, NULL, NULL, NULL, 'MENOS DE 200 mg/dl', 2, NULL, NULL),
(388, 'COLESTEROL DE ALTA DENSIDAD (HDL)', NULL, 65.00, 35.00, 'mg/dl', NULL, NULL, 1, NULL, NULL),
(389, 'COLESTEROL DE BAJA DENSIDAD (LDL)', NULL, NULL, NULL, NULL, NULL, 'mg/dl', 2, NULL, NULL),
(390, 'COLESTEROL DE MUY BAJA DENSIDAD (VLDL)', NULL, NULL, NULL, NULL, NULL, 'mg/dl', 2, NULL, NULL),
(391, 'TRIGLICERIDOS', NULL, 160.00, 40.00, 'mg/dl', NULL, NULL, 1, NULL, NULL),
(392, 'LIPIDOS TOTALES', NULL, 160.00, 40.00, 'mg/dl', NULL, NULL, 1, NULL, NULL),
(393, 'TGO(AST)', NULL, 38.00, 0.00, 'U/L', NULL, NULL, 1, NULL, NULL),
(394, 'TGP(ALT)', NULL, 40.00, 0.00, 'U/L', NULL, NULL, 1, NULL, NULL),
(395, 'FOSFATASA ALCALINA', NULL, 279.00, 98.00, 'U/L', NULL, NULL, 1, NULL, NULL),
(396, 'GGT(gamaglutamiltraspeptidasa)', NULL, 50.00, 11.00, 'U/L', NULL, NULL, 1, NULL, NULL),
(397, 'BILIRRUBINA TOTAL', NULL, 1.10, 0.00, 'mg/dl', NULL, NULL, 1, NULL, NULL),
(398, 'BILIRRUBINA DIRECTA', NULL, 0.25, 0.00, 'mg/dl', NULL, NULL, 1, NULL, NULL),
(399, 'BILIRRUBINA INDIRECTA', NULL, NULL, NULL, NULL, NULL, 'mg/dl', 2, NULL, NULL),
(400, 'PROTEINAS TOTALES', NULL, NULL, 6.00, NULL, NULL, NULL, 1, NULL, NULL),
(401, 'ALBUMINA', NULL, 5.00, 3.50, 'g/dl', NULL, NULL, 1, NULL, NULL),
(402, 'GLOBULINA', NULL, NULL, NULL, NULL, NULL, 'g/dl', 2, NULL, NULL),
(403, 'RELACION Albumina/Globulina', NULL, NULL, NULL, NULL, NULL, NULL, 1, NULL, NULL),
(404, 'DESHIDROGENASA LACTICA', NULL, 460.00, 230.00, 'U/L', NULL, NULL, 1, NULL, NULL),
(405, 'TIEMPO DE PROTOMBINA (TP)', NULL, 16.00, 9.00, 'SEGUNDOS', NULL, NULL, 1, NULL, NULL),
(406, 'PLASMA CONTROL', NULL, NULL, NULL, NULL, NULL, '10.8 SEGUNDOS', 2, NULL, NULL),
(407, '% DE ACTIVIDAD PROTROMBINICA', NULL, 120.00, 63.00, '%', NULL, NULL, 1, NULL, NULL),
(408, 'INR', NULL, NULL, NULL, NULL, NULL, NULL, NULL, NULL, NULL),
(409, 'GLUCOSA', NULL, 110.00, 70.00, 'mg/dl', NULL, NULL, 1, NULL, NULL),
(410, 'UREA', NULL, 45.00, 15.00, 'mg/dl', NULL, NULL, 1, NULL, NULL),
(411, 'NITROGENO UREICO', NULL, 23.40, 4.70, 'mg/dl', NULL, NULL, 1, NULL, NULL),
(412, 'CREATININA', NULL, 1.40, 0.40, 'mg/dl', NULL, NULL, 1, NULL, NULL),
(413, 'ACIDO URICO', NULL, 7.70, 2.50, 'mg/dl', NULL, NULL, 1, NULL, NULL),
(414, 'COLESTEROL', NULL, NULL, NULL, NULL, NULL, 'MENOS DE 200 mg/dl', 2, NULL, NULL),
(415, 'COLESTEROL DE ALTA DENSIDAD (HDL)', NULL, 65.00, 35.00, 'mg/dl', NULL, NULL, 1, NULL, NULL),
(416, 'COLESTEROL DE BAJA DENSIDAD (LDL)', NULL, NULL, NULL, NULL, NULL, 'mg/dl', 2, NULL, NULL),
(417, 'COLESTEROL DE BAJA DENSIDAD (LDL)', 'SUERO', NULL, NULL, 'mg/dl', NULL, NULL, 1, NULL, NULL),
(418, 'TRIGLICERIDOS', NULL, 160.00, 40.00, 'mg/dl', NULL, NULL, 1, NULL, NULL),
(419, 'LIPIDOS TOTALES', NULL, 1000.00, 400.00, 'mg/dl', NULL, NULL, 1, NULL, NULL),
(420, 'GLUCOSA', NULL, 110.00, 70.00, 'mg/dl', NULL, NULL, 1, NULL, NULL),
(421, 'UREA', NULL, 45.00, 15.00, 'mg/dl', NULL, NULL, 1, NULL, NULL),
(422, 'NITROGENO UREICO', NULL, 23.40, 4.70, 'mg/dl', NULL, NULL, 1, NULL, NULL),
(423, 'CREATININA', NULL, 1.40, 0.40, 'mg/dl', NULL, NULL, 1, NULL, NULL),
(424, 'ACIDO URICO', NULL, 7.70, 2.50, 'mg/dl', NULL, NULL, 1, NULL, NULL),
(425, 'COLESTEROL', NULL, NULL, NULL, NULL, NULL, 'MENOR A 200 mg/dl', 2, NULL, NULL),
(426, 'TRIGLICERIDOS', NULL, 160.00, 40.00, 'mg/dl', NULL, NULL, 1, NULL, NULL),
(427, 'GLUCOSA', NULL, 110.00, 70.00, 'mg/dl', NULL, NULL, 1, NULL, NULL),
(428, 'UREA', NULL, 45.00, 15.00, 'mg/dl', NULL, NULL, 1, NULL, NULL),
(429, 'NITROGENO UREICO', NULL, 23.40, 4.70, 'mg/dl', NULL, NULL, 1, NULL, NULL),
(430, 'CREATININA', NULL, 1.40, 0.40, 'mg/dl', NULL, NULL, 1, NULL, NULL),
(431, 'ACIDO URICO', NULL, 7.70, 2.50, 'mg/dl', NULL, NULL, 1, NULL, NULL),
(432, 'GLUCOSA', NULL, 110.00, 70.00, 'mg/dl', NULL, NULL, 1, NULL, NULL),
(433, 'UREA', NULL, 45.00, 15.00, 'mg/dl', NULL, NULL, 1, NULL, NULL),
(434, 'NITROGENO UREICO', NULL, 23.40, 4.70, 'mg/dl', NULL, NULL, 1, NULL, NULL),
(435, 'CREATININA', NULL, 1.40, 0.40, 'mg/dl', NULL, NULL, 1, NULL, NULL),
(436, 'EDAD', NULL, NULL, NULL, NULL, NULL, NULL, NULL, NULL, NULL),
(437, 'PESO DEL PACIENTE', NULL, NULL, NULL, NULL, NULL, NULL, NULL, NULL, NULL),
(438, 'TALLA DEL PACIENTE', NULL, NULL, NULL, NULL, NULL, NULL, NULL, NULL, NULL),
(439, 'CREATININA TASA', NULL, 1.20, 0.50, 'mg/dl', NULL, NULL, 1, NULL, NULL),
(440, 'SEXO', NULL, NULL, NULL, NULL, NULL, NULL, NULL, NULL, NULL),
(441, 'SUPERFICIE CORPORAL (M2)', NULL, NULL, NULL, NULL, NULL, NULL, NULL, NULL, NULL),
(442, 'IMCKg/M2', NULL, NULL, NULL, NULL, NULL, NULL, NULL, NULL, NULL),
(443, 'TASA DE FILTRADO GLOMERULAR (CK-EPI)', NULL, 120.00, 70.00, NULL, NULL, NULL, 1, NULL, NULL),
(444, 'AC.ANTI-BRUCELLA IgG', NULL, NULL, NULL, NULL, NULL, 'MENOR A 1:40', 2, NULL, NULL),
(445, 'AC.ANTI-BRUCELLA IgM', NULL, NULL, NULL, NULL, NULL, 'MENOR A 140 mg/dl', 2, NULL, NULL),
(446, 'ac.antisM(SMITH)', NULL, 5.00, 0.00, 'U dens Opt', NULL, NULL, 1, NULL, NULL),
(447, 'FIEBRE Q iGg FASE 1', NULL, NULL, NULL, NULL, NULL, 'MENOR A 1:16', 2, NULL, NULL),
(448, 'FIEBRE Q IgM', NULL, NULL, NULL, NULL, NULL, 'MENOR A 1:16', 2, NULL, NULL),
(449, 'FIEBRE Q IgG fase 2', NULL, NULL, NULL, NULL, NULL, 'MENOR A 1:16', 2, NULL, NULL),
(450, 'FIEBRE Q IgM FASE 2', NULL, NULL, NULL, NULL, NULL, 'MENOR A 1:16', 2, NULL, NULL),
(451, 'FIEBRE MPNTAÑAS ROCOSAS IgG', NULL, NULL, NULL, NULL, NULL, 'MENOR 1:64', 2, NULL, NULL),
(452, 'FIEBRE MONTAÑAS ROCOSAS IgM', NULL, NULL, NULL, NULL, NULL, 'MENOR A 1:16', 2, NULL, NULL),
(453, 'TIFO IgG', NULL, NULL, NULL, NULL, NULL, 'MENOR A 1:16', 2, NULL, NULL),
(454, 'TIFO IgM', NULL, NULL, NULL, NULL, NULL, 'MENOR A 1:64', 2, NULL, NULL),
(455, 'AC.ANTI-ISLOTES DE LANGERHANS', NULL, NULL, NULL, NULL, NULL, 'NEGATIVO', 2, NULL, NULL),
(456, 'AC. ANTI GAD 65', NULL, NULL, NULL, NULL, NULL, 'NEGATIVO < 1.0 POSITIVO > 1.05', 2, NULL, NULL),
(457, 'ACS ANTI DNA', NULL, NULL, NULL, NULL, NULL, NULL, NULL, NULL, NULL),
(458, 'PR-3 (c-ANCA)', NULL, NULL, NULL, NULL, NULL, '0 - 5 NEGATIVO U', 2, NULL, NULL),
(459, 'MPO(p-ANCA)', NULL, NULL, NULL, NULL, NULL, '0 - 5 NEGATIVO U', 2, NULL, NULL),
(460, 'AC.ANTI MEMBRANA BASAL GLO', NULL, NULL, NULL, NULL, NULL, '0 - 5 NEGATIVO U', 2, NULL, NULL),
(461, 'CHLAMYDIA TRACHOMATIS IgA', NULL, NULL, NULL, NULL, NULL, 'NEGATIVO', 2, NULL, NULL),
(462, 'CLAMYDIA TRACHOMATIS IgG', NULL, NULL, NULL, NULL, NULL, 'NEGATIVO', 2, NULL, NULL),
(463, 'ANTIGENO PROSTATICO (PSA) TOTAL', NULL, 5.00, 0.40, 'ng/ml', NULL, NULL, 1, NULL, NULL),
(464, 'ANTIGENO PROSTATICO (PSA) LIBRE', NULL, NULL, NULL, NULL, NULL, 'ng/ml', 2, NULL, NULL),
(465, '% ANTIGENBO PROSTATICO (PSA) LIBRE', NULL, NULL, NULL, NULL, NULL, '%', 2, NULL, NULL),
(466, 'PORCENTAJE DE PSA LIBRE', NULL, NULL, NULL, NULL, NULL, '0-15 % 11-15 % 16-20% 21-25 % MAYOR QUE 25%', 2, NULL, NULL),
(467, 'PROBABILIDAD DE CANCER', NULL, NULL, NULL, NULL, NULL, '56% 28% 20%16%8%', 2, NULL, NULL),
(468, 'PROTEINURIA', NULL, 6.00, 0.00, 'mg/dl', NULL, NULL, 1, NULL, NULL),
(469, 'PROTEINURIA gr/24h', NULL, NULL, NULL, NULL, NULL, 'gr/24h', 2, NULL, NULL),
(470, 'proteinuria mg/24h', NULL, NULL, NULL, NULL, NULL, 'mgr/24 hrs', 2, NULL, NULL),
(471, 'VOLUMEN EN ORINA DE 24 HRS', NULL, NULL, NULL, NULL, NULL, 'ml/24 hrs', 2, NULL, NULL),
(472, 'CALPROTECTINA HUMANA (hCp)', NULL, 50.00, 0.00, 'ug/g', NULL, NULL, 1, NULL, NULL),
(473, 'LACTOFERRINA HUMANA (hLf)', NULL, NULL, NULL, NULL, NULL, 'NEGATIVO', 2, NULL, NULL),
(474, 'FROTIS EN FRESCO', NULL, NULL, NULL, NULL, NULL, 'NO SE OBSERVARON TROFOZOITOS DE Entamoeba histolytica', 2, NULL, NULL),
(475, 'COLORACION DE GRAM', 'HECES FECALES', NULL, NULL, NULL, NULL, 'GRAM POSITIVOS', 2, NULL, NULL),
(476, 'COLORACION AZUL DE METILENO', NULL, NULL, NULL, NULL, NULL, 'SE OBSERVARON 2 - 5 LEUCOCITOS POR CAMPO 82% POLIMORFONUCLEARES 18% MONONUCLEARES', 2, NULL, NULL),
(477, 'ANTICUERPOS ANTI SARS - COV2 IgG', 'NASAL', NULL, NULL, NULL, NULL, NULL, 2, NULL, NULL),
(478, 'ANTICUERPOS ANTI SARS - COV2 IgM', NULL, NULL, NULL, NULL, NULL, 'NEGATIVOS', 2, NULL, NULL),
(479, 'ACS ANTI DENGUE IgG', NULL, NULL, NULL, NULL, NULL, 'NEGATIVOS', 2, NULL, NULL),
(480, 'ACS ANTI DENGUE IgM', NULL, NULL, NULL, NULL, NULL, 'NEGATIVOS', 2, NULL, NULL),
(481, 'Ag NS1 dengue (AgNS1)', NULL, NULL, NULL, NULL, NULL, 'NEGATIVO', 2, NULL, NULL),
(482, 'HEMOGLOBINA (HbA1c)', NULL, NULL, NULL, NULL, NULL, 'NORMAL 4.0 - 6.0% DIAB.BUEN CONTROL 5.2 -6.4% REGULAR CONTROL 6.5 - 7.41 % POBRE CONTROL MAYOR POBRE CONTROL MAYOR DE 7.5%', 2, NULL, NULL),
(483, 'GLUCOSA PROMEDIO', NULL, NULL, NULL, NULL, NULL, 'mg/dl', 2, NULL, NULL),
(484, 'COLOR', NULL, NULL, NULL, NULL, NULL, 'CAFE', 2, NULL, NULL),
(485, 'CONSISTENCIA', NULL, NULL, NULL, NULL, NULL, 'FORMADA', 2, NULL, NULL),
(486, 'MOCO', NULL, NULL, NULL, NULL, NULL, 'NO SE OBSERVA', 2, NULL, NULL),
(487, 'PUS', NULL, NULL, NULL, NULL, NULL, 'NO SE OBSERVA', 2, NULL, NULL),
(488, 'SANGRE MICOSCOPICA', NULL, NULL, NULL, NULL, NULL, 'NO SE OBSERVA', 2, NULL, NULL),
(489, 'RESTOS ALIMENTICIOS MACROSCOPICOS', NULL, NULL, NULL, NULL, NULL, 'NO SE OBSERVA', 2, NULL, NULL),
(490, 'PARACITOS MACROSCOPICOS', NULL, NULL, NULL, NULL, NULL, 'NO SE OBSERVAN', 2, NULL, NULL),
(491, 'PH', NULL, NULL, NULL, NULL, NULL, '5 A 7', 2, NULL, NULL),
(492, 'SANGRE OCULTA', NULL, NULL, NULL, NULL, NULL, 'NEGATIVA', 2, NULL, NULL),
(493, 'AZUCARES REDUCTORES', NULL, NULL, NULL, NULL, NULL, 'NEGATIVOS', 2, NULL, NULL),
(494, 'FIBRAS MOSCULARES', NULL, NULL, NULL, NULL, NULL, 'NO SE OBSERVARON', 2, NULL, NULL),
(495, 'ACIDOS GRASOS', NULL, NULL, NULL, NULL, NULL, 'NO SE OBSERVARON', 2, NULL, NULL),
(496, 'GASAS NEUTRAS', NULL, NULL, NULL, NULL, NULL, 'NO SE OBSERVARON', 2, NULL, NULL),
(497, 'ALMIDONES', NULL, NULL, NULL, NULL, NULL, 'NO SE OBSERVARON', 2, NULL, NULL),
(498, 'CRISTALES', NULL, NULL, NULL, NULL, NULL, 'NO SE OBSERVARON', 2, NULL, NULL),
(499, 'CELULOSA', NULL, NULL, NULL, NULL, NULL, 'NO SE OBSERVA', 2, NULL, NULL),
(500, 'LEUCOCITOS', NULL, NULL, NULL, NULL, NULL, 'NO SE OBSERVARON', 2, NULL, NULL),
(501, 'ERITROCITOS', NULL, NULL, NULL, NULL, NULL, 'NO SE OBSERVARON', 2, NULL, NULL),
(502, 'CELULAS EPITELIALES DESCAMATIVAS', NULL, NULL, NULL, NULL, NULL, 'NO SE OBSERVARON', 2, NULL, NULL),
(503, 'MOCO', NULL, NULL, NULL, NULL, NULL, 'NO SE OBSERVA', 2, NULL, NULL),
(504, 'LEVADURAS', NULL, NULL, NULL, NULL, NULL, 'NO SE OBSERVARON', 2, NULL, NULL),
(505, 'EXAMEN COPROPARASITOSCOPICO', NULL, NULL, NULL, NULL, NULL, 'NEGATIVO', 2, NULL, NULL);

-- --------------------------------------------------------

--
-- Estructura de tabla para la tabla `password_resets`
--

CREATE TABLE `password_resets` (
  `email` varchar(255) NOT NULL,
  `token` varchar(255) NOT NULL,
  `created_at` timestamp NULL DEFAULT NULL
) ENGINE=InnoDB DEFAULT CHARSET=latin1 COLLATE=latin1_swedish_ci;

-- --------------------------------------------------------

--
-- Estructura de tabla para la tabla `permissions`
--

CREATE TABLE `permissions` (
  `id` bigint(20) UNSIGNED NOT NULL,
  `name` varchar(255) NOT NULL,
  `guard_name` varchar(255) NOT NULL,
  `created_at` timestamp NULL DEFAULT NULL,
  `updated_at` timestamp NULL DEFAULT NULL
) ENGINE=InnoDB DEFAULT CHARSET=latin1 COLLATE=latin1_swedish_ci;

--
-- Volcado de datos para la tabla `permissions`
--

INSERT INTO `permissions` (`id`, `name`, `guard_name`, `created_at`, `updated_at`) VALUES
(1, 'permission_index', 'web', '2022-07-26 03:54:15', '2022-07-26 03:54:15'),
(2, 'permission_create', 'web', '2022-07-26 03:54:15', '2022-07-26 03:54:15'),
(3, 'permission_show', 'web', '2022-07-26 03:54:15', '2022-07-26 03:54:15'),
(4, 'permission_edit', 'web', '2022-07-26 03:54:16', '2022-07-26 03:54:16'),
(5, 'permission_destroy', 'web', '2022-07-26 03:54:16', '2022-07-26 03:54:16'),
(6, 'role_index', 'web', '2022-07-26 03:54:16', '2022-07-26 03:54:16'),
(7, 'role_create', 'web', '2022-07-26 03:54:16', '2022-07-26 03:54:16'),
(8, 'role_show', 'web', '2022-07-26 03:54:16', '2022-07-26 03:54:16'),
(9, 'role_edit', 'web', '2022-07-26 03:54:16', '2022-07-26 03:54:16'),
(10, 'role_destroy', 'web', '2022-07-26 03:54:16', '2022-07-26 03:54:16'),
(11, 'user_index', 'web', '2022-07-26 03:54:16', '2022-07-26 03:54:16'),
(12, 'user_create', 'web', '2022-07-26 03:54:16', '2022-07-26 03:54:16'),
(13, 'user_show', 'web', '2022-07-26 03:54:16', '2022-07-26 03:54:16'),
(14, 'user_edit', 'web', '2022-07-26 03:54:16', '2022-07-26 03:54:16'),
(15, 'user_destroy', 'web', '2022-07-26 03:54:16', '2022-07-26 03:54:16'),
(16, 'examenes_index', 'web', '2022-07-26 03:54:15', '2022-07-26 03:54:15'),
(17, 'examenes_create', 'web', '2022-07-26 03:54:15', '2022-07-26 03:54:15'),
(18, 'examenes_show', 'web', '2022-07-26 03:54:15', '2022-07-26 03:54:15'),
(19, 'examenes_edit', 'web', '2022-07-26 03:54:16', '2022-07-26 03:54:16'),
(20, 'examenes_destroy', 'web', '2022-07-26 03:54:16', '2022-07-26 03:54:16'),
(21, 'parametros_index', 'web', '2022-07-26 03:54:16', '2022-07-26 03:54:16'),
(22, 'parametros_create', 'web', '2022-07-26 03:54:16', '2022-07-26 03:54:16'),
(23, 'parametros_show', 'web', '2022-07-26 03:54:16', '2022-07-26 03:54:16'),
(24, 'parametros_edit', 'web', '2022-07-26 03:54:16', '2022-07-26 03:54:16'),
(25, 'parametros_destroy', 'web', '2022-07-26 03:54:16', '2022-07-26 03:54:16'),
(26, 'maquilas_index', 'web', '2022-07-26 03:54:16', '2022-07-26 03:54:16'),
(27, 'maquilas_create', 'web', '2022-07-26 03:54:16', '2022-07-26 03:54:16'),
(28, 'maquilas_show', 'web', '2022-07-26 03:54:16', '2022-07-26 03:54:16'),
(29, 'maquilas_edit', 'web', '2022-07-26 03:54:16', '2022-07-26 03:54:16'),
(30, 'maquilas_destroy', 'web', '2022-07-26 03:54:16', '2022-07-26 03:54:16'),
(31, 'pacientes_index', 'web', '2022-07-26 03:54:16', '2022-07-26 03:54:16'),
(32, 'pacientes_create', 'web', '2022-07-26 03:54:16', '2022-07-26 03:54:16'),
(33, 'pacientes_show', 'web', '2022-07-26 03:54:16', '2022-07-26 03:54:16'),
(34, 'pacientes_edit', 'web', '2022-07-26 03:54:16', '2022-07-26 03:54:16'),
(35, 'pacientes_destroy', 'web', '2022-07-26 03:54:16', '2022-07-26 03:54:16'),
(36, 'tickets_index', 'web', '2022-07-26 03:54:16', '2022-07-26 03:54:16'),
(37, 'tickets_create', 'web', '2022-07-26 03:54:16', '2022-07-26 03:54:16'),
(38, 'tickets_show', 'web', '2022-07-26 03:54:16', '2022-07-26 03:54:16'),
(39, 'tickets_edit', 'web', '2022-07-26 03:54:16', '2022-07-26 03:54:16'),
(40, 'tickets_destroy', 'web', '2022-07-26 03:54:16', '2022-07-26 03:54:16'),
(41, 'resultados_index', 'web', '2022-07-26 03:54:16', '2022-07-26 03:54:16'),
(42, 'resultados_create', 'web', '2022-07-26 03:54:16', '2022-07-26 03:54:16'),
(43, 'resultados_show', 'web', '2022-07-26 03:54:16', '2022-07-26 03:54:16'),
(44, 'resultados_edit', 'web', '2022-07-26 03:54:16', '2022-07-26 03:54:16'),
(45, 'resultados_destroy', 'web', '2022-07-26 03:54:16', '2022-07-26 03:54:16'),
(46, 'resultados_autorizar', 'web', '2022-07-26 03:54:16', '2022-07-26 03:54:16'),
(47, 'parametros_update', 'web', '2022-07-26 02:54:15', '2022-07-26 02:54:15');

-- --------------------------------------------------------

--
-- Estructura de tabla para la tabla `resultados`
--

CREATE TABLE `resultados` (
  `id` bigint(20) UNSIGNED NOT NULL,
  `examenes_id` bigint(20) UNSIGNED NOT NULL,
  `ticket_id` bigint(20) UNSIGNED NOT NULL,
  `parametros_id` bigint(20) UNSIGNED NOT NULL,
  `resultado` varchar(255) NOT NULL
) ENGINE=InnoDB DEFAULT CHARSET=latin1 COLLATE=latin1_swedish_ci;

-- --------------------------------------------------------

--
-- Estructura de tabla para la tabla `roles`
--

CREATE TABLE `roles` (
  `id` bigint(20) UNSIGNED NOT NULL,
  `name` varchar(255) NOT NULL,
  `guard_name` varchar(255) NOT NULL,
  `created_at` timestamp NULL DEFAULT NULL,
  `updated_at` timestamp NULL DEFAULT NULL
) ENGINE=InnoDB DEFAULT CHARSET=latin1 COLLATE=latin1_swedish_ci;

--
-- Volcado de datos para la tabla `roles`
--

INSERT INTO `roles` (`id`, `name`, `guard_name`, `created_at`, `updated_at`) VALUES
(1, 'Admin', 'web', '2022-07-26 03:54:16', '2022-07-26 03:54:16'),
(2, 'User', 'web', '2022-07-26 03:54:16', '2022-07-26 03:54:16'),
(3, 'Cajero', 'web', '2024-01-09 09:42:24', '2024-01-09 09:42:24');

-- --------------------------------------------------------

--
-- Estructura de tabla para la tabla `role_has_permissions`
--

CREATE TABLE `role_has_permissions` (
  `permission_id` bigint(20) UNSIGNED NOT NULL,
  `role_id` bigint(20) UNSIGNED NOT NULL
) ENGINE=InnoDB DEFAULT CHARSET=latin1 COLLATE=latin1_swedish_ci;

--
-- Volcado de datos para la tabla `role_has_permissions`
--

INSERT INTO `role_has_permissions` (`permission_id`, `role_id`) VALUES
(1, 1),
(2, 1),
(3, 1),
(4, 1),
(5, 1),
(6, 1),
(7, 1),
(8, 1),
(9, 1),
(10, 1),
(11, 1),
(12, 1),
(13, 1),
(14, 1),
(15, 1),
(16, 1),
(16, 3),
(17, 1),
(17, 3),
(18, 1),
(18, 3),
(19, 1),
(19, 3),
(20, 1),
(20, 3),
(21, 1),
(21, 3),
(22, 1),
(22, 3),
(23, 1),
(23, 3),
(24, 1),
(24, 3),
(25, 1),
(25, 3),
(26, 1),
(26, 3),
(27, 1),
(27, 3),
(28, 1),
(28, 3),
(29, 1),
(29, 3),
(30, 1),
(30, 3),
(31, 1),
(31, 3),
(32, 1),
(32, 3),
(33, 1),
(33, 3),
(34, 1),
(34, 3),
(35, 1),
(35, 3),
(36, 1),
(36, 3),
(37, 1),
(37, 3),
(38, 1),
(38, 3),
(39, 1),
(39, 3),
(40, 1),
(40, 3),
(41, 1),
(41, 3),
(42, 1),
(42, 3),
(43, 1),
(43, 3),
(44, 1),
(44, 3),
(45, 1),
(45, 3),
(46, 1),
(46, 3),
(47, 1),
(47, 3);

-- --------------------------------------------------------

--
-- Estructura de tabla para la tabla `sucursales`
--

CREATE TABLE `sucursales` (
  `id` int(11) NOT NULL,
  `nombre` varchar(200) NOT NULL,
  `direccion` varchar(255) NOT NULL,
  `telefono` varchar(255) DEFAULT NULL,
  `correo` varchar(255) DEFAULT NULL,
  `encargado` varchar(255) NOT NULL,
  `telEncargado` varchar(255) DEFAULT NULL,
  `foraneo` float DEFAULT NULL
) ENGINE=InnoDB DEFAULT CHARSET=utf8mb4 COLLATE=utf8mb4_general_ci;

--
-- Volcado de datos para la tabla `sucursales`
--

INSERT INTO `sucursales` (`id`, `nombre`, `direccion`, `telefono`, `correo`, `encargado`, `telEncargado`, `foraneo`) VALUES
(3, 'Primera sucursal', 'Consequatur Laudant', 'Veniam facilis ut a', 'Est sed aute nostrum', 'Occaecat minima anim', 'Labore delectus lab', 20);

-- --------------------------------------------------------

--
-- Estructura de tabla para la tabla `tickets`
--

CREATE TABLE `tickets` (
  `id` bigint(20) UNSIGNED NOT NULL,
  `paciente_id` bigint(20) UNSIGNED NOT NULL,
  `maquila_id` bigint(20) UNSIGNED DEFAULT NULL,
  `total` float DEFAULT 0,
  `abono` float DEFAULT 0,
  `doctor` varchar(250) DEFAULT NULL,
  `pass` varchar(250) DEFAULT NULL,
  `created_at` datetime DEFAULT NULL,
  `updated_at` datetime DEFAULT NULL,
  `tipo` int(11) NOT NULL
) ENGINE=InnoDB DEFAULT CHARSET=latin1 COLLATE=latin1_swedish_ci;

-- --------------------------------------------------------

--
-- Estructura de tabla para la tabla `tomas`
--

CREATE TABLE `tomas` (
  `id` bigint(20) UNSIGNED NOT NULL,
  `examenes_id` bigint(20) UNSIGNED NOT NULL,
  `tickets_id` bigint(20) UNSIGNED NOT NULL,
  `estatus` int(11) DEFAULT 0,
  `nota` text DEFAULT NULL,
  `comentario` text DEFAULT NULL
) ENGINE=InnoDB DEFAULT CHARSET=latin1 COLLATE=latin1_swedish_ci;

-- --------------------------------------------------------

--
-- Estructura de tabla para la tabla `users`
--

CREATE TABLE `users` (
  `id` bigint(20) UNSIGNED NOT NULL,
  `name` varchar(255) NOT NULL,
  `email` varchar(255) NOT NULL,
  `email_verified_at` timestamp NULL DEFAULT NULL,
  `password` varchar(255) NOT NULL,
  `two_factor_secret` text DEFAULT NULL,
  `two_factor_recovery_codes` text DEFAULT NULL,
  `remember_token` varchar(100) DEFAULT NULL,
  `created_at` timestamp NULL DEFAULT NULL,
  `updated_at` timestamp NULL DEFAULT NULL,
  `username` varchar(255) DEFAULT NULL
) ENGINE=InnoDB DEFAULT CHARSET=latin1 COLLATE=latin1_swedish_ci;

--
-- Volcado de datos para la tabla `users`
--

INSERT INTO `users` (`id`, `name`, `email`, `email_verified_at`, `password`, `two_factor_secret`, `two_factor_recovery_codes`, `remember_token`, `created_at`, `updated_at`, `username`) VALUES
(1, 'admin', 'a@a.com', NULL, '$2y$10$xchASRodwuYH58CYgTt3r.RWshZp3BzYMd6T7pg3ZNZxd4d3fXzUy', NULL, NULL, NULL, '2022-09-27 02:48:41', '2022-09-27 02:48:41', NULL),
(2, 'Ricardo Cajero', 'RicardoCajero@previda.com', NULL, '$2y$10$KOzASYY7XdarKa4JQNquW.OdpTFGJq2I4Rf5jWOM71kZ658vXd5Jy', NULL, NULL, NULL, '2024-01-09 09:43:05', '2024-01-09 09:43:05', 'Ricardo Cajero'),
(3, 'Ulises', 'ulises@previda.com', NULL, '$2y$10$n9/NWih7FohvP6qDJs9eOOJGPU/kyG1DKf7l0es77iwSgQw7hjaO.', NULL, NULL, NULL, '2024-01-12 04:17:12', '2024-01-12 04:17:12', 'Ulises'),
(4, 'jeni', 'jenni@previda.com', NULL, '$2y$10$jvuPce42dbzS2XAX.VHMoeJEM9wDwrbZ55YuakV7kx3/Y7EKDz6FO', NULL, NULL, NULL, '2024-01-12 20:37:36', '2024-02-06 22:24:57', 'jeni'),
(5, 'Karla Gutierrez', 'KG@a.com', NULL, '$2y$10$WInfAk.rVQs9vJeuAm8oeOhRVpkyeaFvj2rvKE17rOt0AYRwJSx4O', NULL, NULL, NULL, '2024-01-28 05:11:24', '2024-01-28 05:11:24', 'Karla Gutierrez'),
(6, 'Arly', 'Arly@previda.com', NULL, '$2y$10$dukBrJpy1oJqfkdV7SWtsua0g1dLfjMmcUt6JMxk/KLrn9N5Cduem', NULL, NULL, NULL, '2024-02-06 22:56:53', '2024-02-06 22:56:53', 'Arly'),
(7, 'Laura', 'laura@previda.com', NULL, '$2y$10$q0rdn0AfvovSU9k5XwSfz.gEWPPZD2XP.p4d86NBgPo6CGsllOQuu', NULL, NULL, NULL, '2024-02-06 23:00:50', '2024-02-06 23:00:50', 'Laura');

--
-- Índices para tablas volcadas
--

--
-- Indices de la tabla `cat_lugares`
--
ALTER TABLE `cat_lugares`
  ADD PRIMARY KEY (`id`);

--
-- Indices de la tabla `doctores`
--
ALTER TABLE `doctores`
  ADD PRIMARY KEY (`id`);

--
-- Indices de la tabla `examenes`
--
ALTER TABLE `examenes`
  ADD PRIMARY KEY (`id`);

--
-- Indices de la tabla `examenparametro`
--
ALTER TABLE `examenparametro`
  ADD PRIMARY KEY (`id`),
  ADD KEY `FK_examenParametro_examenId` (`examenes_id`),
  ADD KEY `FK_examenParametro_parametroId` (`parametros_id`);

--
-- Indices de la tabla `failed_jobs`
--
ALTER TABLE `failed_jobs`
  ADD PRIMARY KEY (`id`),
  ADD UNIQUE KEY `failed_jobs_uuid_unique` (`uuid`);

--
-- Indices de la tabla `lugares`
--
ALTER TABLE `lugares`
  ADD PRIMARY KEY (`id`),
  ADD KEY `FK_lugares_cat_lugares` (`cat_lugares_id`);

--
-- Indices de la tabla `maquilas`
--
ALTER TABLE `maquilas`
  ADD PRIMARY KEY (`id`);

--
-- Indices de la tabla `model_has_permissions`
--
ALTER TABLE `model_has_permissions`
  ADD PRIMARY KEY (`permission_id`,`model_id`,`model_type`),
  ADD KEY `model_has_permissions_model_id_model_type_index` (`model_id`,`model_type`);

--
-- Indices de la tabla `model_has_roles`
--
ALTER TABLE `model_has_roles`
  ADD PRIMARY KEY (`role_id`,`model_id`,`model_type`),
  ADD KEY `model_has_roles_model_id_model_type_index` (`model_id`,`model_type`);

--
-- Indices de la tabla `pacientes`
--
ALTER TABLE `pacientes`
  ADD PRIMARY KEY (`id`);

--
-- Indices de la tabla `parametros`
--
ALTER TABLE `parametros`
  ADD PRIMARY KEY (`id`);

--
-- Indices de la tabla `password_resets`
--
ALTER TABLE `password_resets`
  ADD KEY `password_resets_email_index` (`email`);

--
-- Indices de la tabla `permissions`
--
ALTER TABLE `permissions`
  ADD PRIMARY KEY (`id`),
  ADD UNIQUE KEY `permissions_name_guard_name_unique` (`name`,`guard_name`);

--
-- Indices de la tabla `resultados`
--
ALTER TABLE `resultados`
  ADD PRIMARY KEY (`id`),
  ADD KEY `FK_resultados_examenId` (`examenes_id`),
  ADD KEY `FK_resultados_ticketid` (`ticket_id`),
  ADD KEY `FK_resultados_parametroId` (`parametros_id`);

--
-- Indices de la tabla `roles`
--
ALTER TABLE `roles`
  ADD PRIMARY KEY (`id`),
  ADD UNIQUE KEY `roles_name_guard_name_unique` (`name`,`guard_name`);

--
-- Indices de la tabla `role_has_permissions`
--
ALTER TABLE `role_has_permissions`
  ADD PRIMARY KEY (`permission_id`,`role_id`),
  ADD KEY `role_has_permissions_role_id_foreign` (`role_id`);

--
-- Indices de la tabla `sucursales`
--
ALTER TABLE `sucursales`
  ADD PRIMARY KEY (`id`);

--
-- Indices de la tabla `tickets`
--
ALTER TABLE `tickets`
  ADD PRIMARY KEY (`id`),
  ADD KEY `FK_tickets_examenId` (`paciente_id`),
  ADD KEY `FK_tickets_maquilaId` (`maquila_id`);

--
-- Indices de la tabla `tomas`
--
ALTER TABLE `tomas`
  ADD PRIMARY KEY (`id`),
  ADD KEY `FK_tomas_examenId` (`examenes_id`),
  ADD KEY `FK_tomas_ticketid` (`tickets_id`);

--
-- Indices de la tabla `users`
--
ALTER TABLE `users`
  ADD PRIMARY KEY (`id`);

--
-- AUTO_INCREMENT de las tablas volcadas
--

--
-- AUTO_INCREMENT de la tabla `cat_lugares`
--
ALTER TABLE `cat_lugares`
  MODIFY `id` bigint(20) UNSIGNED NOT NULL AUTO_INCREMENT;

--
-- AUTO_INCREMENT de la tabla `doctores`
--
ALTER TABLE `doctores`
  MODIFY `id` int(11) NOT NULL AUTO_INCREMENT, AUTO_INCREMENT=3;

--
-- AUTO_INCREMENT de la tabla `examenes`
--
ALTER TABLE `examenes`
  MODIFY `id` bigint(20) UNSIGNED NOT NULL AUTO_INCREMENT, AUTO_INCREMENT=106;

--
-- AUTO_INCREMENT de la tabla `examenparametro`
--
ALTER TABLE `examenparametro`
  MODIFY `id` bigint(20) UNSIGNED NOT NULL AUTO_INCREMENT, AUTO_INCREMENT=79;

--
-- AUTO_INCREMENT de la tabla `failed_jobs`
--
ALTER TABLE `failed_jobs`
  MODIFY `id` bigint(20) UNSIGNED NOT NULL AUTO_INCREMENT;

--
-- AUTO_INCREMENT de la tabla `lugares`
--
ALTER TABLE `lugares`
  MODIFY `id` bigint(20) UNSIGNED NOT NULL AUTO_INCREMENT;

--
-- AUTO_INCREMENT de la tabla `maquilas`
--
ALTER TABLE `maquilas`
  MODIFY `id` bigint(20) UNSIGNED NOT NULL AUTO_INCREMENT, AUTO_INCREMENT=2;

--
-- AUTO_INCREMENT de la tabla `model_has_permissions`
--
ALTER TABLE `model_has_permissions`
  MODIFY `permission_id` bigint(20) UNSIGNED NOT NULL AUTO_INCREMENT;

--
-- AUTO_INCREMENT de la tabla `pacientes`
--
ALTER TABLE `pacientes`
  MODIFY `id` bigint(20) UNSIGNED NOT NULL AUTO_INCREMENT, AUTO_INCREMENT=11;

--
-- AUTO_INCREMENT de la tabla `parametros`
--
ALTER TABLE `parametros`
  MODIFY `id` bigint(20) UNSIGNED NOT NULL AUTO_INCREMENT, AUTO_INCREMENT=506;

--
-- AUTO_INCREMENT de la tabla `permissions`
--
ALTER TABLE `permissions`
  MODIFY `id` bigint(20) UNSIGNED NOT NULL AUTO_INCREMENT, AUTO_INCREMENT=48;

--
-- AUTO_INCREMENT de la tabla `resultados`
--
ALTER TABLE `resultados`
  MODIFY `id` bigint(20) UNSIGNED NOT NULL AUTO_INCREMENT, AUTO_INCREMENT=77;

--
-- AUTO_INCREMENT de la tabla `roles`
--
ALTER TABLE `roles`
  MODIFY `id` bigint(20) UNSIGNED NOT NULL AUTO_INCREMENT, AUTO_INCREMENT=4;

--
-- AUTO_INCREMENT de la tabla `sucursales`
--
ALTER TABLE `sucursales`
  MODIFY `id` int(11) NOT NULL AUTO_INCREMENT, AUTO_INCREMENT=4;

--
-- AUTO_INCREMENT de la tabla `tickets`
--
ALTER TABLE `tickets`
  MODIFY `id` bigint(20) UNSIGNED NOT NULL AUTO_INCREMENT, AUTO_INCREMENT=14;

--
-- AUTO_INCREMENT de la tabla `tomas`
--
ALTER TABLE `tomas`
  MODIFY `id` bigint(20) UNSIGNED NOT NULL AUTO_INCREMENT, AUTO_INCREMENT=22;

--
-- AUTO_INCREMENT de la tabla `users`
--
ALTER TABLE `users`
  MODIFY `id` bigint(20) UNSIGNED NOT NULL AUTO_INCREMENT, AUTO_INCREMENT=8;

--
-- Restricciones para tablas volcadas
--

--
-- Filtros para la tabla `examenparametro`
--
ALTER TABLE `examenparametro`
  ADD CONSTRAINT `FK_examenParametro_examenId` FOREIGN KEY (`examenes_id`) REFERENCES `examenes` (`id`) ON DELETE CASCADE ON UPDATE CASCADE,
  ADD CONSTRAINT `FK_examenParametro_parametroId` FOREIGN KEY (`parametros_id`) REFERENCES `parametros` (`id`) ON DELETE CASCADE ON UPDATE CASCADE;

--
-- Filtros para la tabla `lugares`
--
ALTER TABLE `lugares`
  ADD CONSTRAINT `FK_lugares_cat_lugares` FOREIGN KEY (`cat_lugares_id`) REFERENCES `cat_lugares` (`id`);

--
-- Filtros para la tabla `model_has_permissions`
--
ALTER TABLE `model_has_permissions`
  ADD CONSTRAINT `model_has_permissions_permission_id_foreign` FOREIGN KEY (`permission_id`) REFERENCES `permissions` (`id`) ON DELETE CASCADE;

--
-- Filtros para la tabla `model_has_roles`
--
ALTER TABLE `model_has_roles`
  ADD CONSTRAINT `model_has_roles_role_id_foreign` FOREIGN KEY (`role_id`) REFERENCES `roles` (`id`) ON DELETE CASCADE;

--
-- Filtros para la tabla `resultados`
--
ALTER TABLE `resultados`
  ADD CONSTRAINT `FK_resultados_examenId` FOREIGN KEY (`examenes_id`) REFERENCES `examenes` (`id`) ON DELETE CASCADE ON UPDATE CASCADE,
  ADD CONSTRAINT `FK_resultados_parametroId` FOREIGN KEY (`parametros_id`) REFERENCES `parametros` (`id`) ON DELETE CASCADE ON UPDATE CASCADE,
  ADD CONSTRAINT `FK_resultados_ticketid` FOREIGN KEY (`ticket_id`) REFERENCES `tickets` (`id`) ON DELETE CASCADE ON UPDATE CASCADE;

--
-- Filtros para la tabla `role_has_permissions`
--
ALTER TABLE `role_has_permissions`
  ADD CONSTRAINT `role_has_permissions_permission_id_foreign` FOREIGN KEY (`permission_id`) REFERENCES `permissions` (`id`) ON DELETE CASCADE,
  ADD CONSTRAINT `role_has_permissions_role_id_foreign` FOREIGN KEY (`role_id`) REFERENCES `roles` (`id`) ON DELETE CASCADE;

--
-- Filtros para la tabla `tickets`
--
ALTER TABLE `tickets`
  ADD CONSTRAINT `FK_tickets_examenId` FOREIGN KEY (`paciente_id`) REFERENCES `pacientes` (`id`) ON DELETE CASCADE ON UPDATE CASCADE;

--
-- Filtros para la tabla `tomas`
--
ALTER TABLE `tomas`
  ADD CONSTRAINT `FK_tomas_examenId` FOREIGN KEY (`examenes_id`) REFERENCES `examenes` (`id`) ON DELETE CASCADE ON UPDATE CASCADE,
  ADD CONSTRAINT `FK_tomas_ticketid` FOREIGN KEY (`tickets_id`) REFERENCES `tickets` (`id`) ON DELETE CASCADE ON UPDATE CASCADE;
--
-- Base de datos: `phpmyadmin`
--
CREATE DATABASE IF NOT EXISTS `phpmyadmin` DEFAULT CHARACTER SET utf8 COLLATE utf8_bin;
USE `phpmyadmin`;

-- --------------------------------------------------------

--
-- Estructura de tabla para la tabla `pma__bookmark`
--

CREATE TABLE `pma__bookmark` (
  `id` int(10) UNSIGNED NOT NULL,
  `dbase` varchar(255) NOT NULL DEFAULT '',
  `user` varchar(255) NOT NULL DEFAULT '',
  `label` varchar(255) CHARACTER SET utf8 COLLATE utf8_general_ci NOT NULL DEFAULT '',
  `query` text NOT NULL
) ENGINE=InnoDB DEFAULT CHARSET=utf8 COLLATE=utf8_bin COMMENT='Bookmarks';

-- --------------------------------------------------------

--
-- Estructura de tabla para la tabla `pma__central_columns`
--

CREATE TABLE `pma__central_columns` (
  `db_name` varchar(64) NOT NULL,
  `col_name` varchar(64) NOT NULL,
  `col_type` varchar(64) NOT NULL,
  `col_length` text DEFAULT NULL,
  `col_collation` varchar(64) NOT NULL,
  `col_isNull` tinyint(1) NOT NULL,
  `col_extra` varchar(255) DEFAULT '',
  `col_default` text DEFAULT NULL
) ENGINE=InnoDB DEFAULT CHARSET=utf8 COLLATE=utf8_bin COMMENT='Central list of columns';

-- --------------------------------------------------------

--
-- Estructura de tabla para la tabla `pma__column_info`
--

CREATE TABLE `pma__column_info` (
  `id` int(5) UNSIGNED NOT NULL,
  `db_name` varchar(64) NOT NULL DEFAULT '',
  `table_name` varchar(64) NOT NULL DEFAULT '',
  `column_name` varchar(64) NOT NULL DEFAULT '',
  `comment` varchar(255) CHARACTER SET utf8 COLLATE utf8_general_ci NOT NULL DEFAULT '',
  `mimetype` varchar(255) CHARACTER SET utf8 COLLATE utf8_general_ci NOT NULL DEFAULT '',
  `transformation` varchar(255) NOT NULL DEFAULT '',
  `transformation_options` varchar(255) NOT NULL DEFAULT '',
  `input_transformation` varchar(255) NOT NULL DEFAULT '',
  `input_transformation_options` varchar(255) NOT NULL DEFAULT ''
) ENGINE=InnoDB DEFAULT CHARSET=utf8 COLLATE=utf8_bin COMMENT='Column information for phpMyAdmin';

-- --------------------------------------------------------

--
-- Estructura de tabla para la tabla `pma__designer_settings`
--

CREATE TABLE `pma__designer_settings` (
  `username` varchar(64) NOT NULL,
  `settings_data` text NOT NULL
) ENGINE=InnoDB DEFAULT CHARSET=utf8 COLLATE=utf8_bin COMMENT='Settings related to Designer';

-- --------------------------------------------------------

--
-- Estructura de tabla para la tabla `pma__export_templates`
--

CREATE TABLE `pma__export_templates` (
  `id` int(5) UNSIGNED NOT NULL,
  `username` varchar(64) NOT NULL,
  `export_type` varchar(10) NOT NULL,
  `template_name` varchar(64) NOT NULL,
  `template_data` text NOT NULL
) ENGINE=InnoDB DEFAULT CHARSET=utf8 COLLATE=utf8_bin COMMENT='Saved export templates';

-- --------------------------------------------------------

--
-- Estructura de tabla para la tabla `pma__favorite`
--

CREATE TABLE `pma__favorite` (
  `username` varchar(64) NOT NULL,
  `tables` text NOT NULL
) ENGINE=InnoDB DEFAULT CHARSET=utf8 COLLATE=utf8_bin COMMENT='Favorite tables';

-- --------------------------------------------------------

--
-- Estructura de tabla para la tabla `pma__history`
--

CREATE TABLE `pma__history` (
  `id` bigint(20) UNSIGNED NOT NULL,
  `username` varchar(64) NOT NULL DEFAULT '',
  `db` varchar(64) NOT NULL DEFAULT '',
  `table` varchar(64) NOT NULL DEFAULT '',
  `timevalue` timestamp NOT NULL DEFAULT current_timestamp(),
  `sqlquery` text NOT NULL
) ENGINE=InnoDB DEFAULT CHARSET=utf8 COLLATE=utf8_bin COMMENT='SQL history for phpMyAdmin';

-- --------------------------------------------------------

--
-- Estructura de tabla para la tabla `pma__navigationhiding`
--

CREATE TABLE `pma__navigationhiding` (
  `username` varchar(64) NOT NULL,
  `item_name` varchar(64) NOT NULL,
  `item_type` varchar(64) NOT NULL,
  `db_name` varchar(64) NOT NULL,
  `table_name` varchar(64) NOT NULL
) ENGINE=InnoDB DEFAULT CHARSET=utf8 COLLATE=utf8_bin COMMENT='Hidden items of navigation tree';

-- --------------------------------------------------------

--
-- Estructura de tabla para la tabla `pma__pdf_pages`
--

CREATE TABLE `pma__pdf_pages` (
  `db_name` varchar(64) NOT NULL DEFAULT '',
  `page_nr` int(10) UNSIGNED NOT NULL,
  `page_descr` varchar(50) CHARACTER SET utf8 COLLATE utf8_general_ci NOT NULL DEFAULT ''
) ENGINE=InnoDB DEFAULT CHARSET=utf8 COLLATE=utf8_bin COMMENT='PDF relation pages for phpMyAdmin';

-- --------------------------------------------------------

--
-- Estructura de tabla para la tabla `pma__recent`
--

CREATE TABLE `pma__recent` (
  `username` varchar(64) NOT NULL,
  `tables` text NOT NULL
) ENGINE=InnoDB DEFAULT CHARSET=utf8 COLLATE=utf8_bin COMMENT='Recently accessed tables';

-- --------------------------------------------------------

--
-- Estructura de tabla para la tabla `pma__relation`
--

CREATE TABLE `pma__relation` (
  `master_db` varchar(64) NOT NULL DEFAULT '',
  `master_table` varchar(64) NOT NULL DEFAULT '',
  `master_field` varchar(64) NOT NULL DEFAULT '',
  `foreign_db` varchar(64) NOT NULL DEFAULT '',
  `foreign_table` varchar(64) NOT NULL DEFAULT '',
  `foreign_field` varchar(64) NOT NULL DEFAULT ''
) ENGINE=InnoDB DEFAULT CHARSET=utf8 COLLATE=utf8_bin COMMENT='Relation table';

-- --------------------------------------------------------

--
-- Estructura de tabla para la tabla `pma__savedsearches`
--

CREATE TABLE `pma__savedsearches` (
  `id` int(5) UNSIGNED NOT NULL,
  `username` varchar(64) NOT NULL DEFAULT '',
  `db_name` varchar(64) NOT NULL DEFAULT '',
  `search_name` varchar(64) NOT NULL DEFAULT '',
  `search_data` text NOT NULL
) ENGINE=InnoDB DEFAULT CHARSET=utf8 COLLATE=utf8_bin COMMENT='Saved searches';

-- --------------------------------------------------------

--
-- Estructura de tabla para la tabla `pma__table_coords`
--

CREATE TABLE `pma__table_coords` (
  `db_name` varchar(64) NOT NULL DEFAULT '',
  `table_name` varchar(64) NOT NULL DEFAULT '',
  `pdf_page_number` int(11) NOT NULL DEFAULT 0,
  `x` float UNSIGNED NOT NULL DEFAULT 0,
  `y` float UNSIGNED NOT NULL DEFAULT 0
) ENGINE=InnoDB DEFAULT CHARSET=utf8 COLLATE=utf8_bin COMMENT='Table coordinates for phpMyAdmin PDF output';

-- --------------------------------------------------------

--
-- Estructura de tabla para la tabla `pma__table_info`
--

CREATE TABLE `pma__table_info` (
  `db_name` varchar(64) NOT NULL DEFAULT '',
  `table_name` varchar(64) NOT NULL DEFAULT '',
  `display_field` varchar(64) NOT NULL DEFAULT ''
) ENGINE=InnoDB DEFAULT CHARSET=utf8 COLLATE=utf8_bin COMMENT='Table information for phpMyAdmin';

-- --------------------------------------------------------

--
-- Estructura de tabla para la tabla `pma__table_uiprefs`
--

CREATE TABLE `pma__table_uiprefs` (
  `username` varchar(64) NOT NULL,
  `db_name` varchar(64) NOT NULL,
  `table_name` varchar(64) NOT NULL,
  `prefs` text NOT NULL,
  `last_update` timestamp NOT NULL DEFAULT current_timestamp() ON UPDATE current_timestamp()
) ENGINE=InnoDB DEFAULT CHARSET=utf8 COLLATE=utf8_bin COMMENT='Tables'' UI preferences';

-- --------------------------------------------------------

--
-- Estructura de tabla para la tabla `pma__tracking`
--

CREATE TABLE `pma__tracking` (
  `db_name` varchar(64) NOT NULL,
  `table_name` varchar(64) NOT NULL,
  `version` int(10) UNSIGNED NOT NULL,
  `date_created` datetime NOT NULL,
  `date_updated` datetime NOT NULL,
  `schema_snapshot` text NOT NULL,
  `schema_sql` text DEFAULT NULL,
  `data_sql` longtext DEFAULT NULL,
  `tracking` set('UPDATE','REPLACE','INSERT','DELETE','TRUNCATE','CREATE DATABASE','ALTER DATABASE','DROP DATABASE','CREATE TABLE','ALTER TABLE','RENAME TABLE','DROP TABLE','CREATE INDEX','DROP INDEX','CREATE VIEW','ALTER VIEW','DROP VIEW') DEFAULT NULL,
  `tracking_active` int(1) UNSIGNED NOT NULL DEFAULT 1
) ENGINE=InnoDB DEFAULT CHARSET=utf8 COLLATE=utf8_bin COMMENT='Database changes tracking for phpMyAdmin';

-- --------------------------------------------------------

--
-- Estructura de tabla para la tabla `pma__userconfig`
--

CREATE TABLE `pma__userconfig` (
  `username` varchar(64) NOT NULL,
  `timevalue` timestamp NOT NULL DEFAULT current_timestamp() ON UPDATE current_timestamp(),
  `config_data` text NOT NULL
) ENGINE=InnoDB DEFAULT CHARSET=utf8 COLLATE=utf8_bin COMMENT='User preferences storage for phpMyAdmin';

--
-- Volcado de datos para la tabla `pma__userconfig`
--

INSERT INTO `pma__userconfig` (`username`, `timevalue`, `config_data`) VALUES
('root', '2024-05-21 21:50:41', '{\"Console\\/Mode\":\"collapse\",\"lang\":\"es\"}');

-- --------------------------------------------------------

--
-- Estructura de tabla para la tabla `pma__usergroups`
--

CREATE TABLE `pma__usergroups` (
  `usergroup` varchar(64) NOT NULL,
  `tab` varchar(64) NOT NULL,
  `allowed` enum('Y','N') NOT NULL DEFAULT 'N'
) ENGINE=InnoDB DEFAULT CHARSET=utf8 COLLATE=utf8_bin COMMENT='User groups with configured menu items';

-- --------------------------------------------------------

--
-- Estructura de tabla para la tabla `pma__users`
--

CREATE TABLE `pma__users` (
  `username` varchar(64) NOT NULL,
  `usergroup` varchar(64) NOT NULL
) ENGINE=InnoDB DEFAULT CHARSET=utf8 COLLATE=utf8_bin COMMENT='Users and their assignments to user groups';

--
-- Índices para tablas volcadas
--

--
-- Indices de la tabla `pma__bookmark`
--
ALTER TABLE `pma__bookmark`
  ADD PRIMARY KEY (`id`);

--
-- Indices de la tabla `pma__central_columns`
--
ALTER TABLE `pma__central_columns`
  ADD PRIMARY KEY (`db_name`,`col_name`);

--
-- Indices de la tabla `pma__column_info`
--
ALTER TABLE `pma__column_info`
  ADD PRIMARY KEY (`id`),
  ADD UNIQUE KEY `db_name` (`db_name`,`table_name`,`column_name`);

--
-- Indices de la tabla `pma__designer_settings`
--
ALTER TABLE `pma__designer_settings`
  ADD PRIMARY KEY (`username`);

--
-- Indices de la tabla `pma__export_templates`
--
ALTER TABLE `pma__export_templates`
  ADD PRIMARY KEY (`id`),
  ADD UNIQUE KEY `u_user_type_template` (`username`,`export_type`,`template_name`);

--
-- Indices de la tabla `pma__favorite`
--
ALTER TABLE `pma__favorite`
  ADD PRIMARY KEY (`username`);

--
-- Indices de la tabla `pma__history`
--
ALTER TABLE `pma__history`
  ADD PRIMARY KEY (`id`),
  ADD KEY `username` (`username`,`db`,`table`,`timevalue`);

--
-- Indices de la tabla `pma__navigationhiding`
--
ALTER TABLE `pma__navigationhiding`
  ADD PRIMARY KEY (`username`,`item_name`,`item_type`,`db_name`,`table_name`);

--
-- Indices de la tabla `pma__pdf_pages`
--
ALTER TABLE `pma__pdf_pages`
  ADD PRIMARY KEY (`page_nr`),
  ADD KEY `db_name` (`db_name`);

--
-- Indices de la tabla `pma__recent`
--
ALTER TABLE `pma__recent`
  ADD PRIMARY KEY (`username`);

--
-- Indices de la tabla `pma__relation`
--
ALTER TABLE `pma__relation`
  ADD PRIMARY KEY (`master_db`,`master_table`,`master_field`),
  ADD KEY `foreign_field` (`foreign_db`,`foreign_table`);

--
-- Indices de la tabla `pma__savedsearches`
--
ALTER TABLE `pma__savedsearches`
  ADD PRIMARY KEY (`id`),
  ADD UNIQUE KEY `u_savedsearches_username_dbname` (`username`,`db_name`,`search_name`);

--
-- Indices de la tabla `pma__table_coords`
--
ALTER TABLE `pma__table_coords`
  ADD PRIMARY KEY (`db_name`,`table_name`,`pdf_page_number`);

--
-- Indices de la tabla `pma__table_info`
--
ALTER TABLE `pma__table_info`
  ADD PRIMARY KEY (`db_name`,`table_name`);

--
-- Indices de la tabla `pma__table_uiprefs`
--
ALTER TABLE `pma__table_uiprefs`
  ADD PRIMARY KEY (`username`,`db_name`,`table_name`);

--
-- Indices de la tabla `pma__tracking`
--
ALTER TABLE `pma__tracking`
  ADD PRIMARY KEY (`db_name`,`table_name`,`version`);

--
-- Indices de la tabla `pma__userconfig`
--
ALTER TABLE `pma__userconfig`
  ADD PRIMARY KEY (`username`);

--
-- Indices de la tabla `pma__usergroups`
--
ALTER TABLE `pma__usergroups`
  ADD PRIMARY KEY (`usergroup`,`tab`,`allowed`);

--
-- Indices de la tabla `pma__users`
--
ALTER TABLE `pma__users`
  ADD PRIMARY KEY (`username`,`usergroup`);

--
-- AUTO_INCREMENT de las tablas volcadas
--

--
-- AUTO_INCREMENT de la tabla `pma__bookmark`
--
ALTER TABLE `pma__bookmark`
  MODIFY `id` int(10) UNSIGNED NOT NULL AUTO_INCREMENT;

--
-- AUTO_INCREMENT de la tabla `pma__column_info`
--
ALTER TABLE `pma__column_info`
  MODIFY `id` int(5) UNSIGNED NOT NULL AUTO_INCREMENT;

--
-- AUTO_INCREMENT de la tabla `pma__export_templates`
--
ALTER TABLE `pma__export_templates`
  MODIFY `id` int(5) UNSIGNED NOT NULL AUTO_INCREMENT;

--
-- AUTO_INCREMENT de la tabla `pma__history`
--
ALTER TABLE `pma__history`
  MODIFY `id` bigint(20) UNSIGNED NOT NULL AUTO_INCREMENT;

--
-- AUTO_INCREMENT de la tabla `pma__pdf_pages`
--
ALTER TABLE `pma__pdf_pages`
  MODIFY `page_nr` int(10) UNSIGNED NOT NULL AUTO_INCREMENT;

--
-- AUTO_INCREMENT de la tabla `pma__savedsearches`
--
ALTER TABLE `pma__savedsearches`
  MODIFY `id` int(5) UNSIGNED NOT NULL AUTO_INCREMENT;
--
-- Base de datos: `test`
--
CREATE DATABASE IF NOT EXISTS `test` DEFAULT CHARACTER SET latin1 COLLATE latin1_swedish_ci;
USE `test`;
COMMIT;

/*!40101 SET CHARACTER_SET_CLIENT=@OLD_CHARACTER_SET_CLIENT */;
/*!40101 SET CHARACTER_SET_RESULTS=@OLD_CHARACTER_SET_RESULTS */;
/*!40101 SET COLLATION_CONNECTION=@OLD_COLLATION_CONNECTION */;





/*Datos a agregar */
ALTER TABLE lugares MODIFY COLUMN nombre varchar(255) NOT NULL;

CREATE TABLE examen_precio (
  id bigint(20) UNSIGNED DEFAULT NULL,
  tipoLugarId bigint(20) UNSIGNED DEFAULT NULL,
  examenId  bigint(20) UNSIGNED DEFAULT NULL,
  precio float DEFAULT 0,
  created_at timestamp NULL DEFAULT NULL,
  updated_at timestamp NULL DEFAULT null,
  PRIMARY KEY (id),
  CONSTRAINT FK_examen_precio_examenId foreign key (examenId) references examenes(id),
  CONSTRAINT FK_examen_precio_tipoLugarId foreign key (tipoLugarId) references cat_lugares(id)
);

